Header_Name,CVE_ID,CVE_Score,CVE_URL,Severity
art,CVE-2022-23035,"['V3', 4.6, 'MEDIUM']",https://nvd.nist.gov/vuln/detail/CVE-2022-23035,MEDIUM
art,CVE-2022-35632,"[None, None, None]",https://nvd.nist.gov/vuln/detail/CVE-2022-35632,
art,CVE-2021-27908,"['V3', 4.4, 'MEDIUM']",https://nvd.nist.gov/vuln/detail/CVE-2021-27908,MEDIUM
art,CVE-2022-36123,"[None, None, None]",https://nvd.nist.gov/vuln/detail/CVE-2022-36123,
art,CVE-2022-21271,"['V3', 5.3, 'MEDIUM']",https://nvd.nist.gov/vuln/detail/CVE-2022-21271,MEDIUM
art,CVE-2021-25094,"['V3', 8.1, 'HIGH']",https://nvd.nist.gov/vuln/detail/CVE-2021-25094,HIGH
art,CVE-2021-20588,"['V3', 9.8, 'CRITICAL']",https://nvd.nist.gov/vuln/detail/CVE-2021-20588,CRITICAL
art,CVE-2021-20587,"['V3', 9.8, 'CRITICAL']",https://nvd.nist.gov/vuln/detail/CVE-2021-20587,CRITICAL
art,CVE-2017-20142,"['V3', 9.8, 'CRITICAL']",https://nvd.nist.gov/vuln/detail/CVE-2017-20142,CRITICAL
art,CVE-2017-20141,"['V3', 9.8, 'CRITICAL']",https://nvd.nist.gov/vuln/detail/CVE-2017-20141,CRITICAL
art,CVE-2021-27760,"['V3', 5.5, 'MEDIUM']",https://nvd.nist.gov/vuln/detail/CVE-2021-27760,MEDIUM
art,CVE-2021-27769,"['V3', 5.3, 'MEDIUM']",https://nvd.nist.gov/vuln/detail/CVE-2021-27769,MEDIUM
art,CVE-2021-27772,"['V3', 6.5, 'MEDIUM']",https://nvd.nist.gov/vuln/detail/CVE-2021-27772,MEDIUM
art,CVE-2021-42370,"['V3', 7.5, 'HIGH']",https://nvd.nist.gov/vuln/detail/CVE-2021-42370,HIGH
art,CVE-2022-34983,"['V3', 9.8, 'CRITICAL']",https://nvd.nist.gov/vuln/detail/CVE-2022-34983,CRITICAL
art,CVE-2022-24765,"['V3', 7.8, 'HIGH']",https://nvd.nist.gov/vuln/detail/CVE-2022-24765,HIGH
art,CVE-2022-34981,"['V3', 9.8, 'CRITICAL']",https://nvd.nist.gov/vuln/detail/CVE-2022-34981,CRITICAL
art,CVE-2022-34509,"['V3', 9.8, 'CRITICAL']",https://nvd.nist.gov/vuln/detail/CVE-2022-34509,CRITICAL
art,CVE-2022-34982,"['V3', 9.8, 'CRITICAL']",https://nvd.nist.gov/vuln/detail/CVE-2022-34982,CRITICAL
art,CVE-2022-34501,"['V3', 9.8, 'CRITICAL']",https://nvd.nist.gov/vuln/detail/CVE-2022-34501,CRITICAL
art,CVE-2022-34500,"['V3', 9.8, 'CRITICAL']",https://nvd.nist.gov/vuln/detail/CVE-2022-34500,CRITICAL
art,CVE-2022-0902,"['V3', 9.8, 'CRITICAL']",https://nvd.nist.gov/vuln/detail/CVE-2022-0902,CRITICAL
art,CVE-2020-14853,"['V3', 4.6, 'MEDIUM']",https://nvd.nist.gov/vuln/detail/CVE-2020-14853,MEDIUM
art,CVE-2022-30313,"[None, None, None]",https://nvd.nist.gov/vuln/detail/CVE-2022-30313,
art,CVE-2022-21434,"['V3', 5.3, 'MEDIUM']",https://nvd.nist.gov/vuln/detail/CVE-2022-21434,MEDIUM
art,CVE-2022-21426,"['V3', 5.3, 'MEDIUM']",https://nvd.nist.gov/vuln/detail/CVE-2022-21426,MEDIUM
art,CVE-2020-2800,"['V3', 4.8, 'MEDIUM']",https://nvd.nist.gov/vuln/detail/CVE-2020-2800,MEDIUM
art,CVE-2020-14114,"['V3', 7.5, 'HIGH']",https://nvd.nist.gov/vuln/detail/CVE-2020-14114,HIGH
art,CVE-2020-2645,"['V3', 6.0, 'MEDIUM']",https://nvd.nist.gov/vuln/detail/CVE-2020-2645,MEDIUM
art,CVE-2020-2644,"['V3', 6.0, 'MEDIUM']",https://nvd.nist.gov/vuln/detail/CVE-2020-2644,MEDIUM
art,CVE-2020-2643,"['V3', 6.0, 'MEDIUM']",https://nvd.nist.gov/vuln/detail/CVE-2020-2643,MEDIUM
art,CVE-2020-2641,"['V3', 6.0, 'MEDIUM']",https://nvd.nist.gov/vuln/detail/CVE-2020-2641,MEDIUM
art,CVE-2020-2640,"['V3', 6.0, 'MEDIUM']",https://nvd.nist.gov/vuln/detail/CVE-2020-2640,MEDIUM
art,CVE-2020-2639,"['V3', 6.0, 'MEDIUM']",https://nvd.nist.gov/vuln/detail/CVE-2020-2639,MEDIUM
art,CVE-2020-2638,"['V3', 6.0, 'MEDIUM']",https://nvd.nist.gov/vuln/detail/CVE-2020-2638,MEDIUM
art,CVE-2020-2637,"['V3', 6.0, 'MEDIUM']",https://nvd.nist.gov/vuln/detail/CVE-2020-2637,MEDIUM
art,CVE-2020-2636,"['V3', 6.0, 'MEDIUM']",https://nvd.nist.gov/vuln/detail/CVE-2020-2636,MEDIUM
art,CVE-2020-2635,"['V3', 6.0, 'MEDIUM']",https://nvd.nist.gov/vuln/detail/CVE-2020-2635,MEDIUM
art,CVE-2020-2634,"['V3', 6.0, 'MEDIUM']",https://nvd.nist.gov/vuln/detail/CVE-2020-2634,MEDIUM
art,CVE-2022-1948,"[None, None, None]",https://nvd.nist.gov/vuln/detail/CVE-2022-1948,
art,CVE-2022-27509,"[None, None, None]",https://nvd.nist.gov/vuln/detail/CVE-2022-27509,
art,CVE-2021-33449,"['V3', 5.5, 'MEDIUM']",https://nvd.nist.gov/vuln/detail/CVE-2021-33449,MEDIUM
art,CVE-2020-2628,"['V3', 6.0, 'MEDIUM']",https://nvd.nist.gov/vuln/detail/CVE-2020-2628,MEDIUM
art,CVE-2020-2569,"['V3', 3.9, 'LOW']",https://nvd.nist.gov/vuln/detail/CVE-2020-2569,LOW
art,CVE-2020-2568,"['V3', 3.9, 'LOW']",https://nvd.nist.gov/vuln/detail/CVE-2020-2568,LOW
art,CVE-2022-20891,"['V3', 7.2, 'HIGH']",https://nvd.nist.gov/vuln/detail/CVE-2022-20891,HIGH
art,CVE-2022-20910,"['V3', 7.2, 'HIGH']",https://nvd.nist.gov/vuln/detail/CVE-2022-20910,HIGH
art,CVE-2020-2561,"['V3', 4.3, 'MEDIUM']",https://nvd.nist.gov/vuln/detail/CVE-2020-2561,MEDIUM
art,CVE-2020-2540,"['V3', 6.5, 'MEDIUM']",https://nvd.nist.gov/vuln/detail/CVE-2020-2540,MEDIUM
art,CVE-2020-2618,"['V3', 6.0, 'MEDIUM']",https://nvd.nist.gov/vuln/detail/CVE-2020-2618,MEDIUM
art,CVE-2020-2619,"['V3', 6.0, 'MEDIUM']",https://nvd.nist.gov/vuln/detail/CVE-2020-2619,MEDIUM
art,CVE-2020-2620,"['V3', 6.0, 'MEDIUM']",https://nvd.nist.gov/vuln/detail/CVE-2020-2620,MEDIUM
art,CVE-2020-2621,"['V3', 6.0, 'MEDIUM']",https://nvd.nist.gov/vuln/detail/CVE-2020-2621,MEDIUM
art,CVE-2020-2622,"['V3', 6.0, 'MEDIUM']",https://nvd.nist.gov/vuln/detail/CVE-2020-2622,MEDIUM
art,CVE-2020-2623,"['V3', 6.0, 'MEDIUM']",https://nvd.nist.gov/vuln/detail/CVE-2020-2623,MEDIUM
art,CVE-2020-2624,"['V3', 6.0, 'MEDIUM']",https://nvd.nist.gov/vuln/detail/CVE-2020-2624,MEDIUM
art,CVE-2020-2625,"['V3', 6.0, 'MEDIUM']",https://nvd.nist.gov/vuln/detail/CVE-2020-2625,MEDIUM
art,CVE-2020-2626,"['V3', 6.0, 'MEDIUM']",https://nvd.nist.gov/vuln/detail/CVE-2020-2626,MEDIUM
art,CVE-2022-30532,"['V3', 5.3, 'MEDIUM']",https://nvd.nist.gov/vuln/detail/CVE-2022-30532,MEDIUM
art,CVE-2020-2537,"['V3', 7.1, 'HIGH']",https://nvd.nist.gov/vuln/detail/CVE-2020-2537,HIGH
art,CVE-2020-2538,"['V3', 7.1, 'HIGH']",https://nvd.nist.gov/vuln/detail/CVE-2020-2538,HIGH
art,CVE-2022-30622,"['V3', 7.3, 'HIGH']",https://nvd.nist.gov/vuln/detail/CVE-2022-30622,HIGH
art,CVE-2014-0224,"['V3', 7.4, 'HIGH']",https://nvd.nist.gov/vuln/detail/CVE-2014-0224,HIGH
art,CVE-2022-36991,"[None, None, None]",https://nvd.nist.gov/vuln/detail/CVE-2022-36991,
art,CVE-2022-31627,"[None, None, None]",https://nvd.nist.gov/vuln/detail/CVE-2022-31627,
art,CVE-2017-9233,"['V3', 7.5, 'HIGH']",https://nvd.nist.gov/vuln/detail/CVE-2017-9233,HIGH
art,CVE-2016-2183,"['V3', 7.5, 'HIGH']",https://nvd.nist.gov/vuln/detail/CVE-2016-2183,HIGH
art,CVE-2021-34584,"['V3', 9.1, 'CRITICAL']",https://nvd.nist.gov/vuln/detail/CVE-2021-34584,CRITICAL
art,CVE-2022-21549,"['V3', 5.3, 'MEDIUM']",https://nvd.nist.gov/vuln/detail/CVE-2022-21549,MEDIUM
art,CVE-2022-22445,"['V3', 6.5, 'MEDIUM']",https://nvd.nist.gov/vuln/detail/CVE-2022-22445,MEDIUM
art,CVE-2022-27544,"['V3', 6.5, 'MEDIUM']",https://nvd.nist.gov/vuln/detail/CVE-2022-27544,MEDIUM
art,CVE-2022-27545,"['V3', 5.4, 'MEDIUM']",https://nvd.nist.gov/vuln/detail/CVE-2022-27545,MEDIUM
art,CVE-2022-30628,"['V3', 5.5, 'MEDIUM']",https://nvd.nist.gov/vuln/detail/CVE-2022-30628,MEDIUM
art,CVE-2022-34767,"['V3', 9.8, 'CRITICAL']",https://nvd.nist.gov/vuln/detail/CVE-2022-34767,CRITICAL
art,CVE-2022-21802,"['V3', 6.1, 'MEDIUM']",https://nvd.nist.gov/vuln/detail/CVE-2022-21802,MEDIUM
art,CVE-2022-22202,"['V3', 6.5, 'MEDIUM']",https://nvd.nist.gov/vuln/detail/CVE-2022-22202,MEDIUM
art,CVE-2022-22204,"['V3', 5.3, 'MEDIUM']",https://nvd.nist.gov/vuln/detail/CVE-2022-22204,MEDIUM
art,CVE-2022-36905,"[None, None, None]",https://nvd.nist.gov/vuln/detail/CVE-2022-36905,
art,CVE-2021-31817,"['V3', 7.5, 'HIGH']",https://nvd.nist.gov/vuln/detail/CVE-2021-31817,HIGH
art,CVE-2021-31816,"['V3', 7.5, 'HIGH']",https://nvd.nist.gov/vuln/detail/CVE-2021-31816,HIGH
art,CVE-2021-30183,"['V3', 7.5, 'HIGH']",https://nvd.nist.gov/vuln/detail/CVE-2021-30183,HIGH
art,CVE-2019-15508,"['V3', 6.5, 'MEDIUM']",https://nvd.nist.gov/vuln/detail/CVE-2019-15508,MEDIUM
art,CVE-2019-15507,"['V3', 6.5, 'MEDIUM']",https://nvd.nist.gov/vuln/detail/CVE-2019-15507,MEDIUM
art,CVE-2020-21405,"['V3', 7.5, 'HIGH']",https://nvd.nist.gov/vuln/detail/CVE-2020-21405,HIGH
art,CVE-2020-21406,"['V3', 7.5, 'HIGH']",https://nvd.nist.gov/vuln/detail/CVE-2020-21406,HIGH
art,CVE-2022-1135,"['V3', 8.8, 'HIGH']",https://nvd.nist.gov/vuln/detail/CVE-2022-1135,HIGH
art,CVE-2022-2313,"[None, None, None]",https://nvd.nist.gov/vuln/detail/CVE-2022-2313,
art,CVE-2022-24406,"[None, None, None]",https://nvd.nist.gov/vuln/detail/CVE-2022-24406,
art,CVE-2018-20239,"['V3', 5.4, 'MEDIUM']",https://nvd.nist.gov/vuln/detail/CVE-2018-20239,MEDIUM
art,CVE-2022-34918,"['V3', 7.8, 'HIGH']",https://nvd.nist.gov/vuln/detail/CVE-2022-34918,HIGH
art,CVE-2022-21541,"['V3', 5.9, 'MEDIUM']",https://nvd.nist.gov/vuln/detail/CVE-2022-21541,MEDIUM
art,CVE-2022-21540,"['V3', 5.3, 'MEDIUM']",https://nvd.nist.gov/vuln/detail/CVE-2022-21540,MEDIUM
art,CVE-2022-29951,"[None, None, None]",https://nvd.nist.gov/vuln/detail/CVE-2022-29951,
art,CVE-2022-29957,"[None, None, None]",https://nvd.nist.gov/vuln/detail/CVE-2022-29957,
art,CVE-2022-30270,"[None, None, None]",https://nvd.nist.gov/vuln/detail/CVE-2022-30270,
art,CVE-2022-30275,"[None, None, None]",https://nvd.nist.gov/vuln/detail/CVE-2022-30275,
art,CVE-2022-31204,"[None, None, None]",https://nvd.nist.gov/vuln/detail/CVE-2022-31204,
art,CVE-2022-22416,"['V3', 5.4, 'MEDIUM']",https://nvd.nist.gov/vuln/detail/CVE-2022-22416,MEDIUM
art,CVE-2022-22360,"['V3', 8.8, 'HIGH']",https://nvd.nist.gov/vuln/detail/CVE-2022-22360,HIGH
art,CVE-2022-22359,"['V3', 6.5, 'MEDIUM']",https://nvd.nist.gov/vuln/detail/CVE-2022-22359,MEDIUM
chalk,CVE-2021-3807,"['V3', 7.5, 'HIGH']",https://nvd.nist.gov/vuln/detail/CVE-2021-3807,HIGH
chalk,CVE-2019-5448,"['V3', 8.1, 'HIGH']",https://nvd.nist.gov/vuln/detail/CVE-2019-5448,HIGH
chalk,CVE-2016-10548,"['V3', 6.1, 'MEDIUM']",https://nvd.nist.gov/vuln/detail/CVE-2016-10548,MEDIUM
core-js,CVE-2019-1003012,"['V3', 6.5, 'MEDIUM']",https://nvd.nist.gov/vuln/detail/CVE-2019-1003012,MEDIUM
core-js,CVE-2019-7740,"['V3', 6.1, 'MEDIUM']",https://nvd.nist.gov/vuln/detail/CVE-2019-7740,MEDIUM
danger,CVE-2021-41556,"[None, None, None]",https://nvd.nist.gov/vuln/detail/CVE-2021-41556,
danger,CVE-2021-23244,"['V3', 7.8, 'HIGH']",https://nvd.nist.gov/vuln/detail/CVE-2021-23244,HIGH
danger,CVE-2021-41848,"['V3', 7.8, 'HIGH']",https://nvd.nist.gov/vuln/detail/CVE-2021-41848,HIGH
danger,CVE-2021-32820,"['V3', 8.6, 'HIGH']",https://nvd.nist.gov/vuln/detail/CVE-2021-32820,HIGH
danger,CVE-2021-40870,"['V3', 9.8, 'CRITICAL']",https://nvd.nist.gov/vuln/detail/CVE-2021-40870,CRITICAL
danger,CVE-2022-2128,"['V3', 9.8, 'CRITICAL']",https://nvd.nist.gov/vuln/detail/CVE-2022-2128,CRITICAL
danger,CVE-2022-2111,"['V3', 8.8, 'HIGH']",https://nvd.nist.gov/vuln/detail/CVE-2022-2111,HIGH
danger,CVE-2021-41403,"['V3', 9.8, 'CRITICAL']",https://nvd.nist.gov/vuln/detail/CVE-2021-41403,CRITICAL
danger,CVE-2022-30703,"['V3', 7.8, 'HIGH']",https://nvd.nist.gov/vuln/detail/CVE-2022-30703,HIGH
danger,CVE-2021-33615,"['V3', 7.5, 'HIGH']",https://nvd.nist.gov/vuln/detail/CVE-2021-33615,HIGH
danger,CVE-2021-42654,"['V3', 9.8, 'CRITICAL']",https://nvd.nist.gov/vuln/detail/CVE-2021-42654,CRITICAL
danger,CVE-2022-1811,"['V3', 5.4, 'MEDIUM']",https://nvd.nist.gov/vuln/detail/CVE-2022-1811,MEDIUM
danger,CVE-2022-1752,"['V3', 8.0, 'HIGH']",https://nvd.nist.gov/vuln/detail/CVE-2022-1752,HIGH
danger,CVE-2022-21190,"['V3', 9.8, 'CRITICAL']",https://nvd.nist.gov/vuln/detail/CVE-2022-21190,CRITICAL
danger,CVE-2022-25165,"['V3', 7.0, 'HIGH']",https://nvd.nist.gov/vuln/detail/CVE-2022-25165,HIGH
danger,CVE-2020-6096,"['V3', 8.1, 'HIGH']",https://nvd.nist.gov/vuln/detail/CVE-2020-6096,HIGH
danger,CVE-2022-29451,"['V3', 8.8, 'HIGH']",https://nvd.nist.gov/vuln/detail/CVE-2022-29451,HIGH
danger,CVE-2020-15567,"['V3', 7.8, 'HIGH']",https://nvd.nist.gov/vuln/detail/CVE-2020-15567,HIGH
danger,CVE-2021-35064,"['V3', 9.8, 'CRITICAL']",https://nvd.nist.gov/vuln/detail/CVE-2021-35064,CRITICAL
danger,CVE-2020-14058,"['V3', 7.5, 'HIGH']",https://nvd.nist.gov/vuln/detail/CVE-2020-14058,HIGH
danger,CVE-2022-27862,"['V3', 9.8, 'CRITICAL']",https://nvd.nist.gov/vuln/detail/CVE-2022-27862,CRITICAL
danger,CVE-2021-43936,"['V3', 9.8, 'CRITICAL']",https://nvd.nist.gov/vuln/detail/CVE-2021-43936,CRITICAL
danger,CVE-2022-24136,"['V3', 9.8, 'CRITICAL']",https://nvd.nist.gov/vuln/detail/CVE-2022-24136,CRITICAL
danger,CVE-2021-37608,"['V3', 9.8, 'CRITICAL']",https://nvd.nist.gov/vuln/detail/CVE-2021-37608,CRITICAL
danger,CVE-2022-23881,"['V3', 9.8, 'CRITICAL']",https://nvd.nist.gov/vuln/detail/CVE-2022-23881,CRITICAL
danger,CVE-2022-1033,"['V3', 7.8, 'HIGH']",https://nvd.nist.gov/vuln/detail/CVE-2022-1033,HIGH
danger,CVE-2021-45834,"['V3', 9.8, 'CRITICAL']",https://nvd.nist.gov/vuln/detail/CVE-2021-45834,CRITICAL
danger,CVE-2021-45835,"['V3', 9.8, 'CRITICAL']",https://nvd.nist.gov/vuln/detail/CVE-2021-45835,CRITICAL
danger,CVE-2021-23556,"['V3', 8.0, 'HIGH']",https://nvd.nist.gov/vuln/detail/CVE-2021-23556,HIGH
danger,CVE-2022-0950,"['V3', 5.4, 'MEDIUM']",https://nvd.nist.gov/vuln/detail/CVE-2022-0950,MEDIUM
danger,CVE-2022-0912,"['V3', 4.8, 'MEDIUM']",https://nvd.nist.gov/vuln/detail/CVE-2022-0912,MEDIUM
danger,CVE-2022-25294,"['V3', 7.8, 'HIGH']",https://nvd.nist.gov/vuln/detail/CVE-2022-25294,HIGH
danger,CVE-2022-25214,"['V3', 7.4, 'HIGH']",https://nvd.nist.gov/vuln/detail/CVE-2022-25214,HIGH
danger,CVE-2016-20013,"['V3', 7.5, 'HIGH']",https://nvd.nist.gov/vuln/detail/CVE-2016-20013,HIGH
danger,CVE-2022-0409,"['V3', 7.8, 'HIGH']",https://nvd.nist.gov/vuln/detail/CVE-2022-0409,HIGH
danger,CVE-2005-3007,"['V2', 2.6, 'LOW']",https://nvd.nist.gov/vuln/detail/CVE-2005-3007,LOW
danger,CVE-2020-13957,"['V3', 9.8, 'CRITICAL']",https://nvd.nist.gov/vuln/detail/CVE-2020-13957,CRITICAL
danger,CVE-2010-1171,"['V2', 5.5, 'MEDIUM']",https://nvd.nist.gov/vuln/detail/CVE-2010-1171,MEDIUM
danger,CVE-2021-22803,"['V3', 9.8, 'CRITICAL']",https://nvd.nist.gov/vuln/detail/CVE-2021-22803,CRITICAL
danger,CVE-2021-45326,"['V3', 8.8, 'HIGH']",https://nvd.nist.gov/vuln/detail/CVE-2021-45326,HIGH
danger,CVE-2022-0472,"['V3', 5.4, 'MEDIUM']",https://nvd.nist.gov/vuln/detail/CVE-2022-0472,MEDIUM
danger,CVE-2017-9380,"['V3', 8.8, 'HIGH']",https://nvd.nist.gov/vuln/detail/CVE-2017-9380,HIGH
danger,CVE-2022-23563,"['V3', 6.3, 'MEDIUM']",https://nvd.nist.gov/vuln/detail/CVE-2022-23563,MEDIUM
danger,CVE-2013-6440,"['V2', 5.0, 'MEDIUM']",https://nvd.nist.gov/vuln/detail/CVE-2013-6440,MEDIUM
danger,CVE-2020-7569,"['V3', 8.8, 'HIGH']",https://nvd.nist.gov/vuln/detail/CVE-2020-7569,HIGH
danger,CVE-2021-22698,"['V3', 7.8, 'HIGH']",https://nvd.nist.gov/vuln/detail/CVE-2021-22698,HIGH
danger,CVE-2021-22697,"['V3', 7.8, 'HIGH']",https://nvd.nist.gov/vuln/detail/CVE-2021-22697,HIGH
danger,CVE-2022-0242,"['V3', 7.2, 'HIGH']",https://nvd.nist.gov/vuln/detail/CVE-2022-0242,HIGH
danger,CVE-2022-0263,"['V3', 7.8, 'HIGH']",https://nvd.nist.gov/vuln/detail/CVE-2022-0263,HIGH
danger,CVE-2022-22530,"['V3', 8.1, 'HIGH']",https://nvd.nist.gov/vuln/detail/CVE-2022-22530,HIGH
danger,CVE-2021-4080,"['V3', 8.8, 'HIGH']",https://nvd.nist.gov/vuln/detail/CVE-2021-4080,HIGH
danger,CVE-2021-35243,"['V3', 7.5, 'HIGH']",https://nvd.nist.gov/vuln/detail/CVE-2021-35243,HIGH
danger,CVE-2021-35234,"['V3', 8.8, 'HIGH']",https://nvd.nist.gov/vuln/detail/CVE-2021-35234,HIGH
danger,CVE-2020-5208,"['V3', 8.8, 'HIGH']",https://nvd.nist.gov/vuln/detail/CVE-2020-5208,HIGH
danger,CVE-2021-43829,"['V3', 8.8, 'HIGH']",https://nvd.nist.gov/vuln/detail/CVE-2021-43829,HIGH
danger,CVE-2021-42133,"['V3', 8.1, 'HIGH']",https://nvd.nist.gov/vuln/detail/CVE-2021-42133,HIGH
danger,CVE-2021-42128,"['V3', 9.8, 'CRITICAL']",https://nvd.nist.gov/vuln/detail/CVE-2021-42128,CRITICAL
danger,CVE-2021-42125,"['V3', 8.8, 'HIGH']",https://nvd.nist.gov/vuln/detail/CVE-2021-42125,HIGH
danger,CVE-2021-43991,"['V3', 5.4, 'MEDIUM']",https://nvd.nist.gov/vuln/detail/CVE-2021-43991,MEDIUM
danger,CVE-2021-40529,"['V3', 5.9, 'MEDIUM']",https://nvd.nist.gov/vuln/detail/CVE-2021-40529,MEDIUM
danger,CVE-2020-14144,"['V3', 7.2, 'HIGH']",https://nvd.nist.gov/vuln/detail/CVE-2020-14144,HIGH
danger,CVE-2021-40528,"['V3', 5.9, 'MEDIUM']",https://nvd.nist.gov/vuln/detail/CVE-2021-40528,MEDIUM
danger,CVE-2021-43409,"['V3', 6.1, 'MEDIUM']",https://nvd.nist.gov/vuln/detail/CVE-2021-43409,MEDIUM
danger,CVE-2021-3915,"['V3', 5.7, 'MEDIUM']",https://nvd.nist.gov/vuln/detail/CVE-2021-3915,MEDIUM
danger,CVE-2021-3906,"['V3', 6.5, 'MEDIUM']",https://nvd.nist.gov/vuln/detail/CVE-2021-3906,MEDIUM
danger,CVE-2021-3745,"['V3', 6.6, 'MEDIUM']",https://nvd.nist.gov/vuln/detail/CVE-2021-3745,MEDIUM
danger,CVE-2020-11476,"['V3', 7.2, 'HIGH']",https://nvd.nist.gov/vuln/detail/CVE-2020-11476,HIGH
danger,CVE-2020-24986,"['V3', 7.2, 'HIGH']",https://nvd.nist.gov/vuln/detail/CVE-2020-24986,HIGH
danger,CVE-2021-3846,"['V3', 8.8, 'HIGH']",https://nvd.nist.gov/vuln/detail/CVE-2021-3846,HIGH
danger,CVE-2021-40530,"['V3', 5.9, 'MEDIUM']",https://nvd.nist.gov/vuln/detail/CVE-2021-40530,MEDIUM
danger,CVE-2021-41919,"['V3', 8.8, 'HIGH']",https://nvd.nist.gov/vuln/detail/CVE-2021-41919,HIGH
danger,CVE-2021-39307,"['V3', 6.1, 'MEDIUM']",https://nvd.nist.gov/vuln/detail/CVE-2021-39307,MEDIUM
danger,CVE-2021-29699,"['V3', 6.8, 'MEDIUM']",https://nvd.nist.gov/vuln/detail/CVE-2021-29699,MEDIUM
danger,CVE-2021-41392,"['V3', 9.8, 'CRITICAL']",https://nvd.nist.gov/vuln/detail/CVE-2021-41392,CRITICAL
danger,CVE-2021-36563,"['V3', 5.4, 'MEDIUM']",https://nvd.nist.gov/vuln/detail/CVE-2021-36563,MEDIUM
danger,CVE-2020-19138,"['V3', 9.8, 'CRITICAL']",https://nvd.nist.gov/vuln/detail/CVE-2020-19138,CRITICAL
danger,CVE-2019-6839,"['V3', 8.8, 'HIGH']",https://nvd.nist.gov/vuln/detail/CVE-2019-6839,HIGH
danger,CVE-2010-4487,"['V2', 7.5, 'HIGH']",https://nvd.nist.gov/vuln/detail/CVE-2010-4487,HIGH
danger,CVE-2021-33884,"['V3', 9.1, 'CRITICAL']",https://nvd.nist.gov/vuln/detail/CVE-2021-33884,CRITICAL
danger,CVE-2020-18704,"['V3', 9.8, 'CRITICAL']",https://nvd.nist.gov/vuln/detail/CVE-2020-18704,CRITICAL
danger,CVE-2017-9650,"['V3', 7.8, 'HIGH']",https://nvd.nist.gov/vuln/detail/CVE-2017-9650,HIGH
danger,CVE-2008-1545,"['V2', 4.3, 'MEDIUM']",https://nvd.nist.gov/vuln/detail/CVE-2008-1545,MEDIUM
danger,CVE-2011-1587,"['V2', 4.3, 'MEDIUM']",https://nvd.nist.gov/vuln/detail/CVE-2011-1587,MEDIUM
danger,CVE-2006-0057,"['V2', 7.5, 'HIGH']",https://nvd.nist.gov/vuln/detail/CVE-2006-0057,HIGH
danger,CVE-2001-0643,"['V2', 5.0, 'MEDIUM']",https://nvd.nist.gov/vuln/detail/CVE-2001-0643,MEDIUM
danger,CVE-2011-1578,"['V2', 4.3, 'MEDIUM']",https://nvd.nist.gov/vuln/detail/CVE-2011-1578,MEDIUM
danger,CVE-2011-1765,"['V2', 4.3, 'MEDIUM']",https://nvd.nist.gov/vuln/detail/CVE-2011-1765,MEDIUM
danger,CVE-2019-17408,"['V3', 9.8, 'CRITICAL']",https://nvd.nist.gov/vuln/detail/CVE-2019-17408,CRITICAL
danger,CVE-2021-25428,"['V3', 7.8, 'HIGH']",https://nvd.nist.gov/vuln/detail/CVE-2021-25428,HIGH
danger,CVE-2021-3314,"['V3', 6.1, 'MEDIUM']",https://nvd.nist.gov/vuln/detail/CVE-2021-3314,MEDIUM
danger,CVE-2018-6411,"['V3', 9.8, 'CRITICAL']",https://nvd.nist.gov/vuln/detail/CVE-2018-6411,CRITICAL
danger,CVE-2013-4949,"['V2', 6.8, 'MEDIUM']",https://nvd.nist.gov/vuln/detail/CVE-2013-4949,MEDIUM
danger,CVE-2021-23398,"['V3', 6.1, 'MEDIUM']",https://nvd.nist.gov/vuln/detail/CVE-2021-23398,MEDIUM
danger,CVE-2020-15261,"['V3', 6.7, 'MEDIUM']",https://nvd.nist.gov/vuln/detail/CVE-2020-15261,MEDIUM
danger,CVE-2021-29092,"['V3', 8.8, 'HIGH']",https://nvd.nist.gov/vuln/detail/CVE-2021-29092,HIGH
danger,CVE-2021-24236,"['V3', 9.8, 'CRITICAL']",https://nvd.nist.gov/vuln/detail/CVE-2021-24236,CRITICAL
danger,CVE-2020-29592,"['V3', 9.8, 'CRITICAL']",https://nvd.nist.gov/vuln/detail/CVE-2020-29592,CRITICAL
danger,CVE-2010-5326,"['V3', 10.0, 'CRITICAL']",https://nvd.nist.gov/vuln/detail/CVE-2010-5326,CRITICAL
danger,CVE-2005-3372,"['V2', 5.1, 'MEDIUM']",https://nvd.nist.gov/vuln/detail/CVE-2005-3372,MEDIUM
danger,CVE-2021-28117,"['V3', 7.5, 'HIGH']",https://nvd.nist.gov/vuln/detail/CVE-2021-28117,HIGH
eslint,CVE-2020-1481,"['V3', 8.8, 'HIGH']",https://nvd.nist.gov/vuln/detail/CVE-2020-1481,HIGH
eslint,CVE-2021-21423,"['V3', 8.1, 'HIGH']",https://nvd.nist.gov/vuln/detail/CVE-2021-21423,HIGH
eslint,CVE-2021-26275,"['V3', 9.8, 'CRITICAL']",https://nvd.nist.gov/vuln/detail/CVE-2021-26275,CRITICAL
eslint,CVE-2021-27081,"['V3', 7.8, 'HIGH']",https://nvd.nist.gov/vuln/detail/CVE-2021-27081,HIGH
eslint,CVE-2021-21278,"['V3', 9.8, 'CRITICAL']",https://nvd.nist.gov/vuln/detail/CVE-2021-21278,CRITICAL
eslint,CVE-2019-15657,"['V3', 9.8, 'CRITICAL']",https://nvd.nist.gov/vuln/detail/CVE-2019-15657,CRITICAL
filesize,CVE-2021-30119,"['V3', 5.4, 'MEDIUM']",https://nvd.nist.gov/vuln/detail/CVE-2021-30119,MEDIUM
filesize,CVE-2021-40524,"['V3', 7.5, 'HIGH']",https://nvd.nist.gov/vuln/detail/CVE-2021-40524,HIGH
filesize,CVE-2006-1614,"['V2', 5.1, 'MEDIUM']",https://nvd.nist.gov/vuln/detail/CVE-2006-1614,MEDIUM
filesize,CVE-2006-1068,"['V2', 4.9, 'MEDIUM']",https://nvd.nist.gov/vuln/detail/CVE-2006-1068,MEDIUM
filesize,CVE-2006-1067,"['V2', 5.0, 'MEDIUM']",https://nvd.nist.gov/vuln/detail/CVE-2006-1067,MEDIUM
filesize,CVE-2009-0496,"['V2', 4.3, 'MEDIUM']",https://nvd.nist.gov/vuln/detail/CVE-2009-0496,MEDIUM
filesize,CVE-2016-7414,"['V3', 9.8, 'CRITICAL']",https://nvd.nist.gov/vuln/detail/CVE-2016-7414,CRITICAL
filesize,CVE-2002-0762,"['V2', 7.2, 'HIGH']",https://nvd.nist.gov/vuln/detail/CVE-2002-0762,HIGH
glob,CVE-2022-34558,"[None, None, None]",https://nvd.nist.gov/vuln/detail/CVE-2022-34558,
glob,CVE-2021-45492,"['V3', 7.8, 'HIGH']",https://nvd.nist.gov/vuln/detail/CVE-2021-45492,HIGH
glob,CVE-2022-22963,"['V3', 9.8, 'CRITICAL']",https://nvd.nist.gov/vuln/detail/CVE-2022-22963,CRITICAL
glob,CVE-2014-0224,"['V3', 7.4, 'HIGH']",https://nvd.nist.gov/vuln/detail/CVE-2014-0224,HIGH
glob,CVE-2022-36901,"[None, None, None]",https://nvd.nist.gov/vuln/detail/CVE-2022-36901,
glob,CVE-2020-29444,"['V3', 5.4, 'MEDIUM']",https://nvd.nist.gov/vuln/detail/CVE-2020-29444,MEDIUM
glob,CVE-2022-22965,"['V3', 9.8, 'CRITICAL']",https://nvd.nist.gov/vuln/detail/CVE-2022-22965,CRITICAL
glob,CVE-2022-1292,"['V3', 9.8, 'CRITICAL']",https://nvd.nist.gov/vuln/detail/CVE-2022-1292,CRITICAL
glob,CVE-2022-0778,"['V3', 7.5, 'HIGH']",https://nvd.nist.gov/vuln/detail/CVE-2022-0778,HIGH
glob,CVE-2021-4104,"['V3', 7.5, 'HIGH']",https://nvd.nist.gov/vuln/detail/CVE-2021-4104,HIGH
glob,CVE-2021-45105,"['V3', 5.9, 'MEDIUM']",https://nvd.nist.gov/vuln/detail/CVE-2021-45105,MEDIUM
glob,CVE-2021-45046,"['V3', 9.0, 'CRITICAL']",https://nvd.nist.gov/vuln/detail/CVE-2021-45046,CRITICAL
glob,CVE-2021-3450,"['V3', 7.4, 'HIGH']",https://nvd.nist.gov/vuln/detail/CVE-2021-3450,HIGH
glob,CVE-2021-3449,"['V3', 5.9, 'MEDIUM']",https://nvd.nist.gov/vuln/detail/CVE-2021-3449,MEDIUM
glob,CVE-2020-24977,"['V3', 6.5, 'MEDIUM']",https://nvd.nist.gov/vuln/detail/CVE-2020-24977,MEDIUM
glob,CVE-2021-3062,"['V3', 8.8, 'HIGH']",https://nvd.nist.gov/vuln/detail/CVE-2021-3062,HIGH
glob,CVE-2021-44228,"['V3', 10.0, 'CRITICAL']",https://nvd.nist.gov/vuln/detail/CVE-2021-44228,CRITICAL
glob,CVE-2022-22282,"['V3', 9.8, 'CRITICAL']",https://nvd.nist.gov/vuln/detail/CVE-2022-22282,CRITICAL
glob,CVE-2022-27387,"['V3', 7.5, 'HIGH']",https://nvd.nist.gov/vuln/detail/CVE-2022-27387,HIGH
glob,CVE-2020-11096,"['V3', 6.5, 'MEDIUM']",https://nvd.nist.gov/vuln/detail/CVE-2020-11096,MEDIUM
glob,CVE-2021-20023,"['V3', 4.9, 'MEDIUM']",https://nvd.nist.gov/vuln/detail/CVE-2021-20023,MEDIUM
glob,CVE-2022-31883,"['V3', 8.8, 'HIGH']",https://nvd.nist.gov/vuln/detail/CVE-2022-31883,HIGH
glob,CVE-2022-31603,"['V3', 6.7, 'MEDIUM']",https://nvd.nist.gov/vuln/detail/CVE-2022-31603,MEDIUM
glob,CVE-2021-0304,"['V3', 5.5, 'MEDIUM']",https://nvd.nist.gov/vuln/detail/CVE-2021-0304,MEDIUM
glob,CVE-2021-26585,"['V3', 5.5, 'MEDIUM']",https://nvd.nist.gov/vuln/detail/CVE-2021-26585,MEDIUM
glob,CVE-2021-33885,"['V3', 9.8, 'CRITICAL']",https://nvd.nist.gov/vuln/detail/CVE-2021-33885,CRITICAL
glob,CVE-2021-33886,"['V3', 8.8, 'HIGH']",https://nvd.nist.gov/vuln/detail/CVE-2021-33886,HIGH
glob,CVE-2021-42135,"['V3', 8.1, 'HIGH']",https://nvd.nist.gov/vuln/detail/CVE-2021-42135,HIGH
glob,CVE-2022-34805,"['V3', 6.5, 'MEDIUM']",https://nvd.nist.gov/vuln/detail/CVE-2022-34805,MEDIUM
glob,CVE-2022-34804,"['V3', 4.3, 'MEDIUM']",https://nvd.nist.gov/vuln/detail/CVE-2022-34804,MEDIUM
glob,CVE-2021-40597,"['V3', 9.8, 'CRITICAL']",https://nvd.nist.gov/vuln/detail/CVE-2021-40597,CRITICAL
glob,CVE-2020-18771,"['V3', 8.1, 'HIGH']",https://nvd.nist.gov/vuln/detail/CVE-2020-18771,HIGH
glob,CVE-2022-34816,"['V3', 6.5, 'MEDIUM']",https://nvd.nist.gov/vuln/detail/CVE-2022-34816,MEDIUM
glob,CVE-2022-34809,"['V3', 6.5, 'MEDIUM']",https://nvd.nist.gov/vuln/detail/CVE-2022-34809,MEDIUM
glob,CVE-2022-34808,"['V3', 4.3, 'MEDIUM']",https://nvd.nist.gov/vuln/detail/CVE-2022-34808,MEDIUM
glob,CVE-2022-34807,"['V3', 6.5, 'MEDIUM']",https://nvd.nist.gov/vuln/detail/CVE-2022-34807,MEDIUM
glob,CVE-2021-20034,"['V3', 9.1, 'CRITICAL']",https://nvd.nist.gov/vuln/detail/CVE-2021-20034,CRITICAL
glob,CVE-2021-20049,"['V3', 7.5, 'HIGH']",https://nvd.nist.gov/vuln/detail/CVE-2021-20049,HIGH
glob,CVE-2022-31886,"['V3', 6.5, 'MEDIUM']",https://nvd.nist.gov/vuln/detail/CVE-2022-31886,MEDIUM
glob,CVE-2022-31885,"['V3', 9.8, 'CRITICAL']",https://nvd.nist.gov/vuln/detail/CVE-2022-31885,CRITICAL
glob,CVE-2022-34799,"['V3', 4.3, 'MEDIUM']",https://nvd.nist.gov/vuln/detail/CVE-2022-34799,MEDIUM
glob,CVE-2022-34800,"['V3', 4.3, 'MEDIUM']",https://nvd.nist.gov/vuln/detail/CVE-2022-34800,MEDIUM
glob,CVE-2022-34801,"['V3', 4.3, 'MEDIUM']",https://nvd.nist.gov/vuln/detail/CVE-2022-34801,MEDIUM
glob,CVE-2022-34802,"['V3', 4.3, 'MEDIUM']",https://nvd.nist.gov/vuln/detail/CVE-2022-34802,MEDIUM
glob,CVE-2022-34803,"['V3', 4.3, 'MEDIUM']",https://nvd.nist.gov/vuln/detail/CVE-2022-34803,MEDIUM
glob,CVE-2022-31887,"['V3', 9.8, 'CRITICAL']",https://nvd.nist.gov/vuln/detail/CVE-2022-31887,CRITICAL
glob,CVE-2022-31884,"['V3', 6.5, 'MEDIUM']",https://nvd.nist.gov/vuln/detail/CVE-2022-31884,MEDIUM
glob,CVE-2021-41690,"['V3', 7.5, 'HIGH']",https://nvd.nist.gov/vuln/detail/CVE-2021-41690,HIGH
glob,CVE-2015-0235,"['V2', 10.0, 'HIGH']",https://nvd.nist.gov/vuln/detail/CVE-2015-0235,HIGH
glob,CVE-2021-32794,"['V3', 7.5, 'HIGH']",https://nvd.nist.gov/vuln/detail/CVE-2021-32794,HIGH
glob,CVE-2014-0195,"['V2', 6.8, 'MEDIUM']",https://nvd.nist.gov/vuln/detail/CVE-2014-0195,MEDIUM
glob,CVE-2022-34213,"['V3', 6.5, 'MEDIUM']",https://nvd.nist.gov/vuln/detail/CVE-2022-34213,MEDIUM
glob,CVE-2022-34299,"['V3', 8.1, 'HIGH']",https://nvd.nist.gov/vuln/detail/CVE-2022-34299,HIGH
glob,CVE-2017-20090,"['V3', 8.8, 'HIGH']",https://nvd.nist.gov/vuln/detail/CVE-2017-20090,HIGH
glob,CVE-2022-34202,"['V3', 6.5, 'MEDIUM']",https://nvd.nist.gov/vuln/detail/CVE-2022-34202,MEDIUM
glob,CVE-2020-28034,"['V3', 6.1, 'MEDIUM']",https://nvd.nist.gov/vuln/detail/CVE-2020-28034,MEDIUM
glob,CVE-2021-20698,"['V3', 9.8, 'CRITICAL']",https://nvd.nist.gov/vuln/detail/CVE-2021-20698,CRITICAL
glob,CVE-2021-35091,"['V3', 7.8, 'HIGH']",https://nvd.nist.gov/vuln/detail/CVE-2021-35091,HIGH
glob,CVE-2022-31051,"['V3', 7.5, 'HIGH']",https://nvd.nist.gov/vuln/detail/CVE-2022-31051,HIGH
glob,CVE-2022-1703,"['V3', 8.8, 'HIGH']",https://nvd.nist.gov/vuln/detail/CVE-2022-1703,HIGH
glob,CVE-2019-12265,"['V3', 5.3, 'MEDIUM']",https://nvd.nist.gov/vuln/detail/CVE-2019-12265,MEDIUM
glob,CVE-2019-12259,"['V3', 7.5, 'HIGH']",https://nvd.nist.gov/vuln/detail/CVE-2019-12259,HIGH
glob,CVE-2019-12258,"['V3', 7.5, 'HIGH']",https://nvd.nist.gov/vuln/detail/CVE-2019-12258,HIGH
glob,CVE-2019-12263,"['V3', 8.1, 'HIGH']",https://nvd.nist.gov/vuln/detail/CVE-2019-12263,HIGH
glob,CVE-2019-12261,"['V3', 9.8, 'CRITICAL']",https://nvd.nist.gov/vuln/detail/CVE-2019-12261,CRITICAL
glob,CVE-2019-12260,"['V3', 9.8, 'CRITICAL']",https://nvd.nist.gov/vuln/detail/CVE-2019-12260,CRITICAL
glob,CVE-2019-12255,"['V3', 9.8, 'CRITICAL']",https://nvd.nist.gov/vuln/detail/CVE-2019-12255,CRITICAL
glob,CVE-2019-12257,"['V3', 8.8, 'HIGH']",https://nvd.nist.gov/vuln/detail/CVE-2019-12257,HIGH
glob,CVE-2019-12256,"['V3', 9.8, 'CRITICAL']",https://nvd.nist.gov/vuln/detail/CVE-2019-12256,CRITICAL
glob,CVE-2018-9867,"['V3', 5.5, 'MEDIUM']",https://nvd.nist.gov/vuln/detail/CVE-2018-9867,MEDIUM
glob,CVE-2018-5281,"['V3', 5.4, 'MEDIUM']",https://nvd.nist.gov/vuln/detail/CVE-2018-5281,MEDIUM
glob,CVE-2018-5280,"['V3', 5.4, 'MEDIUM']",https://nvd.nist.gov/vuln/detail/CVE-2018-5280,MEDIUM
glob,CVE-2019-9971,"['V3', 8.8, 'HIGH']",https://nvd.nist.gov/vuln/detail/CVE-2019-9971,HIGH
glob,CVE-2022-28051,"['V3', 5.4, 'MEDIUM']",https://nvd.nist.gov/vuln/detail/CVE-2022-28051,MEDIUM
glob,CVE-2021-42888,"['V3', 9.8, 'CRITICAL']",https://nvd.nist.gov/vuln/detail/CVE-2021-42888,CRITICAL
glob,CVE-2021-42885,"['V3', 9.8, 'CRITICAL']",https://nvd.nist.gov/vuln/detail/CVE-2021-42885,CRITICAL
glob,CVE-2021-42884,"['V3', 9.8, 'CRITICAL']",https://nvd.nist.gov/vuln/detail/CVE-2021-42884,CRITICAL
glob,CVE-2022-30598,"['V3', 4.3, 'MEDIUM']",https://nvd.nist.gov/vuln/detail/CVE-2022-30598,MEDIUM
glob,CVE-2021-45809,"['V3', 9.8, 'CRITICAL']",https://nvd.nist.gov/vuln/detail/CVE-2021-45809,CRITICAL
glob,CVE-2022-31018,"['V3', 7.5, 'HIGH']",https://nvd.nist.gov/vuln/detail/CVE-2022-31018,HIGH
glob,CVE-2018-4051,"['V3', 5.5, 'MEDIUM']",https://nvd.nist.gov/vuln/detail/CVE-2018-4051,MEDIUM
glob,CVE-2018-4050,"['V3', 7.8, 'HIGH']",https://nvd.nist.gov/vuln/detail/CVE-2018-4050,HIGH
glob,CVE-2022-1701,"['V3', 7.5, 'HIGH']",https://nvd.nist.gov/vuln/detail/CVE-2022-1701,HIGH
glob,CVE-2022-30962,"['V3', 5.4, 'MEDIUM']",https://nvd.nist.gov/vuln/detail/CVE-2022-30962,MEDIUM
glob,CVE-2022-1702,"['V3', 6.1, 'MEDIUM']",https://nvd.nist.gov/vuln/detail/CVE-2022-1702,MEDIUM
glob,CVE-2022-30782,"['V3', 7.5, 'HIGH']",https://nvd.nist.gov/vuln/detail/CVE-2022-30782,HIGH
glob,CVE-2022-22281,"['V3', 7.8, 'HIGH']",https://nvd.nist.gov/vuln/detail/CVE-2022-22281,HIGH
glob,CVE-2021-27363,"['V3', 4.4, 'MEDIUM']",https://nvd.nist.gov/vuln/detail/CVE-2021-27363,MEDIUM
glob,CVE-2021-31884,"['V3', 9.8, 'CRITICAL']",https://nvd.nist.gov/vuln/detail/CVE-2021-31884,CRITICAL
glob,CVE-2020-25668,"['V3', 7.0, 'HIGH']",https://nvd.nist.gov/vuln/detail/CVE-2020-25668,HIGH
glob,CVE-2021-43774,"['V3', 4.9, 'MEDIUM']",https://nvd.nist.gov/vuln/detail/CVE-2021-43774,MEDIUM
glob,CVE-2013-5850,"['V2', 9.3, 'HIGH']",https://nvd.nist.gov/vuln/detail/CVE-2013-5850,HIGH
glob,CVE-2013-5849,"['V2', 4.3, 'MEDIUM']",https://nvd.nist.gov/vuln/detail/CVE-2013-5849,MEDIUM
glob,CVE-2013-5848,"['V2', 5.0, 'MEDIUM']",https://nvd.nist.gov/vuln/detail/CVE-2013-5848,MEDIUM
glob,CVE-2013-5843,"['V2', 10.0, 'HIGH']",https://nvd.nist.gov/vuln/detail/CVE-2013-5843,HIGH
glob,CVE-2013-5842,"['V2', 10.0, 'HIGH']",https://nvd.nist.gov/vuln/detail/CVE-2013-5842,HIGH
glob,CVE-2013-5840,"['V2', 5.0, 'MEDIUM']",https://nvd.nist.gov/vuln/detail/CVE-2013-5840,MEDIUM
glob,CVE-2013-5832,"['V2', 9.3, 'HIGH']",https://nvd.nist.gov/vuln/detail/CVE-2013-5832,HIGH
glob,CVE-2013-5831,"['V2', 5.0, 'MEDIUM']",https://nvd.nist.gov/vuln/detail/CVE-2013-5831,MEDIUM
glob,CVE-2013-5830,"['V2', 10.0, 'HIGH']",https://nvd.nist.gov/vuln/detail/CVE-2013-5830,HIGH
jest,CVE-2021-21423,"['V3', 8.1, 'HIGH']",https://nvd.nist.gov/vuln/detail/CVE-2021-21423,HIGH
jest,CVE-2018-13034,"['V3', 5.3, 'MEDIUM']",https://nvd.nist.gov/vuln/detail/CVE-2018-13034,MEDIUM
jest,CVE-2006-4536,"['V2', 7.5, 'HIGH']",https://nvd.nist.gov/vuln/detail/CVE-2006-4536,HIGH
jest,CVE-2009-2736,"['V2', 6.5, 'MEDIUM']",https://nvd.nist.gov/vuln/detail/CVE-2009-2736,MEDIUM
jest,CVE-2009-2735,"['V2', 6.8, 'MEDIUM']",https://nvd.nist.gov/vuln/detail/CVE-2009-2735,MEDIUM
jest,CVE-2014-5649,"['V2', 5.4, 'MEDIUM']",https://nvd.nist.gov/vuln/detail/CVE-2014-5649,MEDIUM
minimatch,CVE-2016-10540,"['V3', 7.5, 'HIGH']",https://nvd.nist.gov/vuln/detail/CVE-2016-10540,HIGH
minimist,CVE-2020-7598,"['V3', 5.6, 'MEDIUM']",https://nvd.nist.gov/vuln/detail/CVE-2020-7598,MEDIUM
minimist,CVE-2021-44906,"['V3', 9.8, 'CRITICAL']",https://nvd.nist.gov/vuln/detail/CVE-2021-44906,CRITICAL
ncp,CVE-2021-20588,"['V3', 9.8, 'CRITICAL']",https://nvd.nist.gov/vuln/detail/CVE-2021-20588,CRITICAL
ncp,CVE-2021-20587,"['V3', 9.8, 'CRITICAL']",https://nvd.nist.gov/vuln/detail/CVE-2021-20587,CRITICAL
ncp,CVE-2022-1621,"['V3', 7.8, 'HIGH']",https://nvd.nist.gov/vuln/detail/CVE-2022-1621,HIGH
ncp,CVE-2019-5065,"['V3', 5.3, 'MEDIUM']",https://nvd.nist.gov/vuln/detail/CVE-2019-5065,MEDIUM
ncp,CVE-2020-11810,"['V3', 3.7, 'LOW']",https://nvd.nist.gov/vuln/detail/CVE-2020-11810,LOW
ncp,CVE-2018-3897,"['V3', 8.8, 'HIGH']",https://nvd.nist.gov/vuln/detail/CVE-2018-3897,HIGH
ncp,CVE-2018-3896,"['V3', 8.8, 'HIGH']",https://nvd.nist.gov/vuln/detail/CVE-2018-3896,HIGH
ncp,CVE-2018-3895,"['V3', 8.8, 'HIGH']",https://nvd.nist.gov/vuln/detail/CVE-2018-3895,HIGH
ncp,CVE-2018-3894,"['V3', 8.8, 'HIGH']",https://nvd.nist.gov/vuln/detail/CVE-2018-3894,HIGH
ncp,CVE-2018-3878,"['V3', 9.9, 'CRITICAL']",https://nvd.nist.gov/vuln/detail/CVE-2018-3878,CRITICAL
ncp,CVE-2018-3877,"['V3', 8.8, 'HIGH']",https://nvd.nist.gov/vuln/detail/CVE-2018-3877,HIGH
ncp,CVE-2018-3876,"['V3', 8.8, 'HIGH']",https://nvd.nist.gov/vuln/detail/CVE-2018-3876,HIGH
ncp,CVE-2018-3875,"['V3', 8.8, 'HIGH']",https://nvd.nist.gov/vuln/detail/CVE-2018-3875,HIGH
ncp,CVE-2018-3874,"['V3', 8.8, 'HIGH']",https://nvd.nist.gov/vuln/detail/CVE-2018-3874,HIGH
ncp,CVE-2018-3873,"['V3', 8.8, 'HIGH']",https://nvd.nist.gov/vuln/detail/CVE-2018-3873,HIGH
ncp,CVE-2022-1240,"['V3', 7.8, 'HIGH']",https://nvd.nist.gov/vuln/detail/CVE-2022-1240,HIGH
ncp,CVE-2021-23336,"['V3', 5.9, 'MEDIUM']",https://nvd.nist.gov/vuln/detail/CVE-2021-23336,MEDIUM
ncp,CVE-2021-38172,"['V3', 9.8, 'CRITICAL']",https://nvd.nist.gov/vuln/detail/CVE-2021-38172,CRITICAL
ncp,CVE-2020-25412,"['V3', 9.8, 'CRITICAL']",https://nvd.nist.gov/vuln/detail/CVE-2020-25412,CRITICAL
ncp,CVE-2020-14386,"['V3', 7.8, 'HIGH']",https://nvd.nist.gov/vuln/detail/CVE-2020-14386,HIGH
ncp,CVE-2020-21141,"['V3', 8.8, 'HIGH']",https://nvd.nist.gov/vuln/detail/CVE-2020-21141,HIGH
ncp,CVE-2021-27629,"['V3', 7.5, 'HIGH']",https://nvd.nist.gov/vuln/detail/CVE-2021-27629,HIGH
ncp,CVE-2020-36462,"['V3', 8.1, 'HIGH']",https://nvd.nist.gov/vuln/detail/CVE-2020-36462,HIGH
ncp,CVE-2021-0224,"['V3', 6.5, 'MEDIUM']",https://nvd.nist.gov/vuln/detail/CVE-2021-0224,MEDIUM
ncp,CVE-2012-2418,"['V2', 6.8, 'MEDIUM']",https://nvd.nist.gov/vuln/detail/CVE-2012-2418,MEDIUM
ncp,CVE-2012-2419,"['V2', 1.8, 'LOW']",https://nvd.nist.gov/vuln/detail/CVE-2012-2419,LOW
ncp,CVE-2012-2420,"['V2', 1.8, 'LOW']",https://nvd.nist.gov/vuln/detail/CVE-2012-2420,LOW
ncp,CVE-2012-2421,"['V2', 1.8, 'LOW']",https://nvd.nist.gov/vuln/detail/CVE-2012-2421,LOW
ncp,CVE-2012-2423,"['V2', 1.8, 'LOW']",https://nvd.nist.gov/vuln/detail/CVE-2012-2423,LOW
ncp,CVE-2012-2424,"['V2', 1.8, 'LOW']",https://nvd.nist.gov/vuln/detail/CVE-2012-2424,LOW
ncp,CVE-2012-2425,"['V2', 1.8, 'LOW']",https://nvd.nist.gov/vuln/detail/CVE-2012-2425,LOW
ncp,CVE-2019-3419,"['V3', 5.7, 'MEDIUM']",https://nvd.nist.gov/vuln/detail/CVE-2019-3419,MEDIUM
ncp,CVE-2020-28013,"['V3', 7.8, 'HIGH']",https://nvd.nist.gov/vuln/detail/CVE-2020-28013,HIGH
ncp,CVE-2020-18070,"['V3', 9.1, 'CRITICAL']",https://nvd.nist.gov/vuln/detail/CVE-2020-18070,CRITICAL
ncp,CVE-2012-0432,"['V2', 10.0, 'HIGH']",https://nvd.nist.gov/vuln/detail/CVE-2012-0432,HIGH
ncp,CVE-2021-21726,"['V3', 2.3, 'LOW']",https://nvd.nist.gov/vuln/detail/CVE-2021-21726,LOW
ncp,CVE-2020-23249,"['V3', 4.7, 'MEDIUM']",https://nvd.nist.gov/vuln/detail/CVE-2020-23249,MEDIUM
ncp,CVE-2020-23250,"['V3', 2.3, 'LOW']",https://nvd.nist.gov/vuln/detail/CVE-2020-23250,LOW
ncp,CVE-2020-26084,"['V3', 6.5, 'MEDIUM']",https://nvd.nist.gov/vuln/detail/CVE-2020-26084,MEDIUM
ncp,CVE-2020-14425,"['V3', 7.8, 'HIGH']",https://nvd.nist.gov/vuln/detail/CVE-2020-14425,HIGH
ncp,CVE-2020-7317,"['V3', 4.3, 'MEDIUM']",https://nvd.nist.gov/vuln/detail/CVE-2020-7317,MEDIUM
ncp,CVE-2019-11365,"['V3', 9.8, 'CRITICAL']",https://nvd.nist.gov/vuln/detail/CVE-2019-11365,CRITICAL
ncp,CVE-2020-25120,"['V3', 4.8, 'MEDIUM']",https://nvd.nist.gov/vuln/detail/CVE-2020-25120,MEDIUM
ncp,CVE-2020-25124,"['V3', 4.8, 'MEDIUM']",https://nvd.nist.gov/vuln/detail/CVE-2020-25124,MEDIUM
ncp,CVE-2020-17446,"['V3', 9.8, 'CRITICAL']",https://nvd.nist.gov/vuln/detail/CVE-2020-17446,CRITICAL
ncp,CVE-2018-17334,"['V3', 9.8, 'CRITICAL']",https://nvd.nist.gov/vuln/detail/CVE-2018-17334,CRITICAL
ncp,CVE-2018-19519,"['V3', 5.5, 'MEDIUM']",https://nvd.nist.gov/vuln/detail/CVE-2018-19519,MEDIUM
ncp,CVE-2019-13283,"['V3', 7.8, 'HIGH']",https://nvd.nist.gov/vuln/detail/CVE-2019-13283,HIGH
ncp,CVE-2019-13305,"['V3', 8.8, 'HIGH']",https://nvd.nist.gov/vuln/detail/CVE-2019-13305,HIGH
ncp,CVE-2019-17583,"['V3', 7.5, 'HIGH']",https://nvd.nist.gov/vuln/detail/CVE-2019-17583,HIGH
ncp,CVE-2019-6498,"['V3', 8.8, 'HIGH']",https://nvd.nist.gov/vuln/detail/CVE-2019-6498,HIGH
ncp,CVE-2019-9125,"['V3', 9.8, 'CRITICAL']",https://nvd.nist.gov/vuln/detail/CVE-2019-9125,CRITICAL
ncp,CVE-2020-11474,"['V3', 7.8, 'HIGH']",https://nvd.nist.gov/vuln/detail/CVE-2020-11474,HIGH
ncp,CVE-2020-13392,"['V3', 9.8, 'CRITICAL']",https://nvd.nist.gov/vuln/detail/CVE-2020-13392,CRITICAL
ncp,CVE-2015-9543,"['V3', 3.3, 'LOW']",https://nvd.nist.gov/vuln/detail/CVE-2015-9543,LOW
ncp,CVE-2018-16228,"['V3', 7.5, 'HIGH']",https://nvd.nist.gov/vuln/detail/CVE-2018-16228,HIGH
ncp,CVE-2018-19464,"['V3', 4.8, 'MEDIUM']",https://nvd.nist.gov/vuln/detail/CVE-2018-19464,MEDIUM
ncp,CVE-2019-17552,"['V3', 9.8, 'CRITICAL']",https://nvd.nist.gov/vuln/detail/CVE-2019-17552,CRITICAL
ncp,CVE-2009-1421,"['V2', 4.9, 'MEDIUM']",https://nvd.nist.gov/vuln/detail/CVE-2009-1421,MEDIUM
ncp,CVE-2019-16508,"['V3', 7.8, 'HIGH']",https://nvd.nist.gov/vuln/detail/CVE-2019-16508,HIGH
ncp,CVE-2017-13042,"['V3', 9.8, 'CRITICAL']",https://nvd.nist.gov/vuln/detail/CVE-2017-13042,CRITICAL
ncp,CVE-2017-13044,"['V3', 9.8, 'CRITICAL']",https://nvd.nist.gov/vuln/detail/CVE-2017-13044,CRITICAL
ncp,CVE-2017-17023,"['V3', 8.1, 'HIGH']",https://nvd.nist.gov/vuln/detail/CVE-2017-17023,HIGH
ncp,CVE-2018-11593,"['V3', 7.1, 'HIGH']",https://nvd.nist.gov/vuln/detail/CVE-2018-11593,HIGH
ncp,CVE-2019-16677,"['V3', 6.5, 'MEDIUM']",https://nvd.nist.gov/vuln/detail/CVE-2019-16677,MEDIUM
ncp,CVE-2019-1010220,"['V3', 3.3, 'LOW']",https://nvd.nist.gov/vuln/detail/CVE-2019-1010220,LOW
ncp,CVE-2019-14976,"['V3', 6.1, 'MEDIUM']",https://nvd.nist.gov/vuln/detail/CVE-2019-14976,MEDIUM
ncp,CVE-2018-7485,"['V3', 9.8, 'CRITICAL']",https://nvd.nist.gov/vuln/detail/CVE-2018-7485,CRITICAL
ncp,CVE-2019-1010112,"['V3', 8.8, 'HIGH']",https://nvd.nist.gov/vuln/detail/CVE-2019-1010112,HIGH
ncp,CVE-2010-0296,"['V2', 7.2, 'HIGH']",https://nvd.nist.gov/vuln/detail/CVE-2010-0296,HIGH
ncp,CVE-2015-6510,"['V2', 4.3, 'MEDIUM']",https://nvd.nist.gov/vuln/detail/CVE-2015-6510,MEDIUM
ncp,CVE-2018-14729,"['V3', 8.8, 'HIGH']",https://nvd.nist.gov/vuln/detail/CVE-2018-14729,HIGH
ncp,CVE-2019-11426,"['V3', 6.1, 'MEDIUM']",https://nvd.nist.gov/vuln/detail/CVE-2019-11426,MEDIUM
ncp,CVE-2018-16365,"['V3', 8.8, 'HIGH']",https://nvd.nist.gov/vuln/detail/CVE-2018-16365,HIGH
ncp,CVE-2018-16366,"['V3', 8.8, 'HIGH']",https://nvd.nist.gov/vuln/detail/CVE-2018-16366,HIGH
ncp,CVE-2018-8822,"['V3', 7.8, 'HIGH']",https://nvd.nist.gov/vuln/detail/CVE-2018-8822,HIGH
ncp,CVE-2019-7234,"['V3', 9.1, 'CRITICAL']",https://nvd.nist.gov/vuln/detail/CVE-2019-7234,CRITICAL
ncp,CVE-2019-7160,"['V3', 9.8, 'CRITICAL']",https://nvd.nist.gov/vuln/detail/CVE-2019-7160,CRITICAL
ncp,CVE-2019-7235,"['V3', 7.5, 'HIGH']",https://nvd.nist.gov/vuln/detail/CVE-2019-7235,HIGH
ncp,CVE-2019-7236,"['V3', 7.5, 'HIGH']",https://nvd.nist.gov/vuln/detail/CVE-2019-7236,HIGH
ncp,CVE-2019-7237,"['V3', 7.5, 'HIGH']",https://nvd.nist.gov/vuln/detail/CVE-2019-7237,HIGH
ncp,CVE-2019-6259,"['V3', 9.8, 'CRITICAL']",https://nvd.nist.gov/vuln/detail/CVE-2019-6259,CRITICAL
ncp,CVE-2018-18702,"['V3', 9.8, 'CRITICAL']",https://nvd.nist.gov/vuln/detail/CVE-2018-18702,CRITICAL
ncp,CVE-2018-16314,"['V3', 8.8, 'HIGH']",https://nvd.nist.gov/vuln/detail/CVE-2018-16314,HIGH
ncp,CVE-2018-16320,"['V3', 7.2, 'HIGH']",https://nvd.nist.gov/vuln/detail/CVE-2018-16320,HIGH
ncp,CVE-2008-3008,"['V2', 9.3, 'HIGH']",https://nvd.nist.gov/vuln/detail/CVE-2008-3008,HIGH
ncp,CVE-2018-16332,"['V3', 8.8, 'HIGH']",https://nvd.nist.gov/vuln/detail/CVE-2018-16332,HIGH
ncp,CVE-2006-0720,"['V2', 7.6, 'HIGH']",https://nvd.nist.gov/vuln/detail/CVE-2006-0720,HIGH
ncp,CVE-2005-0014,"['V2', 7.5, 'HIGH']",https://nvd.nist.gov/vuln/detail/CVE-2005-0014,HIGH
ncp,CVE-2005-0013,"['V2', 7.2, 'HIGH']",https://nvd.nist.gov/vuln/detail/CVE-2005-0013,HIGH
ncp,CVE-2004-1079,"['V2', 7.2, 'HIGH']",https://nvd.nist.gov/vuln/detail/CVE-2004-1079,HIGH
ncp,CVE-2006-3630,"['V2', 7.5, 'HIGH']",https://nvd.nist.gov/vuln/detail/CVE-2006-3630,HIGH
ncp,CVE-2006-0968,"['V2', 7.2, 'HIGH']",https://nvd.nist.gov/vuln/detail/CVE-2006-0968,HIGH
ncp,CVE-2006-0967,"['V2', 2.1, 'LOW']",https://nvd.nist.gov/vuln/detail/CVE-2006-0967,LOW
ncp,CVE-2006-0966,"['V2', 2.1, 'LOW']",https://nvd.nist.gov/vuln/detail/CVE-2006-0966,LOW
ncp,CVE-2006-0965,"['V2', 4.6, 'MEDIUM']",https://nvd.nist.gov/vuln/detail/CVE-2006-0965,MEDIUM
ncp,CVE-2006-0964,"['V2', 4.6, 'MEDIUM']",https://nvd.nist.gov/vuln/detail/CVE-2006-0964,MEDIUM
ncp,CVE-2017-16547,"['V3', 8.8, 'HIGH']",https://nvd.nist.gov/vuln/detail/CVE-2017-16547,HIGH
ncp,CVE-2006-6040,"['V2', 6.8, 'MEDIUM']",https://nvd.nist.gov/vuln/detail/CVE-2006-6040,MEDIUM
ncp,CVE-2007-3326,"['V2', 5.8, 'MEDIUM']",https://nvd.nist.gov/vuln/detail/CVE-2007-3326,MEDIUM
react,CVE-2022-31103,"['V3', 7.5, 'HIGH']",https://nvd.nist.gov/vuln/detail/CVE-2022-31103,HIGH
react,CVE-2022-25863,"['V3', 9.8, 'CRITICAL']",https://nvd.nist.gov/vuln/detail/CVE-2022-25863,CRITICAL
react,CVE-2022-29230,"['V3', 5.4, 'MEDIUM']",https://nvd.nist.gov/vuln/detail/CVE-2022-29230,MEDIUM
react,CVE-2019-16770,"['V3', 7.5, 'HIGH']",https://nvd.nist.gov/vuln/detail/CVE-2019-16770,HIGH
react,CVE-2020-1920,"['V3', 7.5, 'HIGH']",https://nvd.nist.gov/vuln/detail/CVE-2020-1920,HIGH
react,CVE-2022-21404,"['V3', 8.1, 'HIGH']",https://nvd.nist.gov/vuln/detail/CVE-2022-21404,HIGH
react,CVE-2022-24815,"['V3', 8.1, 'HIGH']",https://nvd.nist.gov/vuln/detail/CVE-2022-24815,HIGH
react,CVE-2018-7838,"['V3', 7.5, 'HIGH']",https://nvd.nist.gov/vuln/detail/CVE-2018-7838,HIGH
react,CVE-2022-0981,"['V3', 8.8, 'HIGH']",https://nvd.nist.gov/vuln/detail/CVE-2022-0981,HIGH
react,CVE-2022-24740,"['V3', 7.5, 'HIGH']",https://nvd.nist.gov/vuln/detail/CVE-2022-24740,HIGH
react,CVE-2022-24709,"['V3', 6.1, 'MEDIUM']",https://nvd.nist.gov/vuln/detail/CVE-2022-24709,MEDIUM
react,CVE-2022-23646,"['V3', 7.5, 'HIGH']",https://nvd.nist.gov/vuln/detail/CVE-2022-23646,HIGH
react,CVE-2021-43803,"['V3', 7.5, 'HIGH']",https://nvd.nist.gov/vuln/detail/CVE-2021-43803,HIGH
react,CVE-2012-4245,"['V2', 6.8, 'MEDIUM']",https://nvd.nist.gov/vuln/detail/CVE-2012-4245,MEDIUM
react,CVE-2012-3236,"['V2', 4.3, 'MEDIUM']",https://nvd.nist.gov/vuln/detail/CVE-2012-3236,MEDIUM
react,CVE-2012-2763,"['V2', 7.5, 'HIGH']",https://nvd.nist.gov/vuln/detail/CVE-2012-2763,HIGH
react,CVE-2022-21721,"['V3', 7.5, 'HIGH']",https://nvd.nist.gov/vuln/detail/CVE-2022-21721,HIGH
react,CVE-2021-24045,"['V3', 9.8, 'CRITICAL']",https://nvd.nist.gov/vuln/detail/CVE-2021-24045,CRITICAL
react,CVE-2021-41273,"['V3', 4.3, 'MEDIUM']",https://nvd.nist.gov/vuln/detail/CVE-2021-41273,MEDIUM
react,CVE-2021-21699,"['V3', 5.4, 'MEDIUM']",https://nvd.nist.gov/vuln/detail/CVE-2021-21699,MEDIUM
react,CVE-2021-41249,"['V3', 4.7, 'MEDIUM']",https://nvd.nist.gov/vuln/detail/CVE-2021-41249,MEDIUM
react,CVE-2021-24723,"['V3', 5.4, 'MEDIUM']",https://nvd.nist.gov/vuln/detail/CVE-2021-24723,MEDIUM
react,CVE-2021-41176,"['V3', 4.3, 'MEDIUM']",https://nvd.nist.gov/vuln/detail/CVE-2021-41176,MEDIUM
react,CVE-2021-41140,"['V3', 5.3, 'MEDIUM']",https://nvd.nist.gov/vuln/detail/CVE-2021-41140,MEDIUM
react,CVE-2021-41129,"['V3', 8.1, 'HIGH']",https://nvd.nist.gov/vuln/detail/CVE-2021-41129,HIGH
react,CVE-2021-31712,"['V3', 5.4, 'MEDIUM']",https://nvd.nist.gov/vuln/detail/CVE-2021-31712,MEDIUM
react,CVE-2021-39178,"['V3', 6.1, 'MEDIUM']",https://nvd.nist.gov/vuln/detail/CVE-2021-39178,MEDIUM
react,CVE-2021-37699,"['V3', 6.1, 'MEDIUM']",https://nvd.nist.gov/vuln/detail/CVE-2021-37699,MEDIUM
react,CVE-2020-5404,"['V3', 5.9, 'MEDIUM']",https://nvd.nist.gov/vuln/detail/CVE-2020-5404,MEDIUM
react,CVE-2021-31838,"['V3', 9.1, 'CRITICAL']",https://nvd.nist.gov/vuln/detail/CVE-2021-31838,CRITICAL
react,CVE-2021-23398,"['V3', 6.1, 'MEDIUM']",https://nvd.nist.gov/vuln/detail/CVE-2021-23398,MEDIUM
react,CVE-2021-24037,"['V3', 9.8, 'CRITICAL']",https://nvd.nist.gov/vuln/detail/CVE-2021-24037,CRITICAL
react,CVE-2021-20328,"['V3', 6.8, 'MEDIUM']",https://nvd.nist.gov/vuln/detail/CVE-2021-20328,MEDIUM
react,CVE-2021-32622,"['V3', 7.8, 'HIGH']",https://nvd.nist.gov/vuln/detail/CVE-2021-32622,HIGH
react,CVE-2020-1896,"['V3', 9.8, 'CRITICAL']",https://nvd.nist.gov/vuln/detail/CVE-2020-1896,CRITICAL
react,CVE-2018-6342,"['V3', 9.8, 'CRITICAL']",https://nvd.nist.gov/vuln/detail/CVE-2018-6342,CRITICAL
react,CVE-2021-24033,"['V3', 5.6, 'MEDIUM']",https://nvd.nist.gov/vuln/detail/CVE-2021-24033,MEDIUM
react,CVE-2020-29483,"['V3', 6.5, 'MEDIUM']",https://nvd.nist.gov/vuln/detail/CVE-2020-29483,MEDIUM
react,CVE-2021-3311,"['V3', 9.8, 'CRITICAL']",https://nvd.nist.gov/vuln/detail/CVE-2021-3311,CRITICAL
react,CVE-2021-21320,"['V3', 4.3, 'MEDIUM']",https://nvd.nist.gov/vuln/detail/CVE-2021-21320,MEDIUM
react,CVE-2021-21271,"['V3', 6.5, 'MEDIUM']",https://nvd.nist.gov/vuln/detail/CVE-2021-21271,MEDIUM
react,CVE-2020-28281,"['V3', 9.8, 'CRITICAL']",https://nvd.nist.gov/vuln/detail/CVE-2020-28281,CRITICAL
react,CVE-2020-7787,"['V3', 8.2, 'HIGH']",https://nvd.nist.gov/vuln/detail/CVE-2020-7787,HIGH
react,CVE-2020-1915,"['V3', 7.5, 'HIGH']",https://nvd.nist.gov/vuln/detail/CVE-2020-1915,HIGH
react,CVE-2020-1914,"['V3', 9.8, 'CRITICAL']",https://nvd.nist.gov/vuln/detail/CVE-2020-1914,CRITICAL
react,CVE-2019-20902,"['V3', 7.5, 'HIGH']",https://nvd.nist.gov/vuln/detail/CVE-2019-20902,HIGH
react,CVE-2020-2290,"['V3', 5.4, 'MEDIUM']",https://nvd.nist.gov/vuln/detail/CVE-2020-2290,MEDIUM
react,CVE-2020-12113,"['V3', 6.1, 'MEDIUM']",https://nvd.nist.gov/vuln/detail/CVE-2020-12113,MEDIUM
react,CVE-2020-1912,"['V3', 8.1, 'HIGH']",https://nvd.nist.gov/vuln/detail/CVE-2020-1912,HIGH
react,CVE-2020-1913,"['V3', 8.1, 'HIGH']",https://nvd.nist.gov/vuln/detail/CVE-2020-1913,HIGH
react,CVE-2020-1911,"['V3', 9.8, 'CRITICAL']",https://nvd.nist.gov/vuln/detail/CVE-2020-1911,CRITICAL
react,CVE-2019-12164,"['V3', 9.8, 'CRITICAL']",https://nvd.nist.gov/vuln/detail/CVE-2019-12164,CRITICAL
react,CVE-2019-13347,"['V3', 7.5, 'HIGH']",https://nvd.nist.gov/vuln/detail/CVE-2019-13347,HIGH
react,CVE-2019-7176,"['V3', 3.7, 'LOW']",https://nvd.nist.gov/vuln/detail/CVE-2019-7176,LOW
react,CVE-2020-7696,"['V3', 5.3, 'MEDIUM']",https://nvd.nist.gov/vuln/detail/CVE-2020-7696,MEDIUM
react,CVE-2020-5303,"['V3', 3.7, 'LOW']",https://nvd.nist.gov/vuln/detail/CVE-2020-5303,LOW
react,CVE-2020-12270,"['V3', 6.5, 'MEDIUM']",https://nvd.nist.gov/vuln/detail/CVE-2020-12270,MEDIUM
react,CVE-2020-5403,"['V3', 7.5, 'HIGH']",https://nvd.nist.gov/vuln/detail/CVE-2020-5403,HIGH
react,CVE-2010-2446,"['V3', 9.8, 'CRITICAL']",https://nvd.nist.gov/vuln/detail/CVE-2010-2446,CRITICAL
react,CVE-2019-11284,"['V3', 8.6, 'HIGH']",https://nvd.nist.gov/vuln/detail/CVE-2019-11284,HIGH
react,CVE-2018-6341,"['V3', 6.1, 'MEDIUM']",https://nvd.nist.gov/vuln/detail/CVE-2018-6341,MEDIUM
react,CVE-2017-7920,"['V3', 7.5, 'HIGH']",https://nvd.nist.gov/vuln/detail/CVE-2017-7920,HIGH
react,CVE-2017-7916,"['V3', 6.5, 'MEDIUM']",https://nvd.nist.gov/vuln/detail/CVE-2017-7916,MEDIUM
react,CVE-2017-16028,"['V3', 5.3, 'MEDIUM']",https://nvd.nist.gov/vuln/detail/CVE-2017-16028,MEDIUM
react,CVE-2016-10697,"['V3', 8.1, 'HIGH']",https://nvd.nist.gov/vuln/detail/CVE-2016-10697,HIGH
react,CVE-2019-14261,"['V3', 7.5, 'HIGH']",https://nvd.nist.gov/vuln/detail/CVE-2019-14261,HIGH
react,CVE-2019-12153,"['V3', 10.0, 'CRITICAL']",https://nvd.nist.gov/vuln/detail/CVE-2019-12153,CRITICAL
react,CVE-2019-12154,"['V3', 9.1, 'CRITICAL']",https://nvd.nist.gov/vuln/detail/CVE-2019-12154,CRITICAL
react,CVE-2017-1000386,"['V3', 5.4, 'MEDIUM']",https://nvd.nist.gov/vuln/detail/CVE-2017-1000386,MEDIUM
react,CVE-2016-2166,"['V3', 6.5, 'MEDIUM']",https://nvd.nist.gov/vuln/detail/CVE-2016-2166,MEDIUM
react,CVE-2006-4073,"['V2', 7.5, 'HIGH']",https://nvd.nist.gov/vuln/detail/CVE-2006-4073,HIGH
react,CVE-2007-3066,"['V2', 7.5, 'HIGH']",https://nvd.nist.gov/vuln/detail/CVE-2007-3066,HIGH
react,CVE-2007-4844,"['V2', 4.3, 'MEDIUM']",https://nvd.nist.gov/vuln/detail/CVE-2007-4844,MEDIUM
react,CVE-2007-4244,"['V2', 7.5, 'HIGH']",https://nvd.nist.gov/vuln/detail/CVE-2007-4244,HIGH
react,CVE-2008-3851,"['V2', 5.0, 'MEDIUM']",https://nvd.nist.gov/vuln/detail/CVE-2008-3851,MEDIUM
react,CVE-2018-7197,"['V3', 6.1, 'MEDIUM']",https://nvd.nist.gov/vuln/detail/CVE-2018-7197,MEDIUM
react,CVE-2006-3983,"['V2', 7.5, 'HIGH']",https://nvd.nist.gov/vuln/detail/CVE-2006-3983,HIGH
react,CVE-2007-1568,"['V2', 10.0, 'HIGH']",https://nvd.nist.gov/vuln/detail/CVE-2007-1568,HIGH
react,CVE-2012-4988,"['V2', 9.3, 'HIGH']",https://nvd.nist.gov/vuln/detail/CVE-2012-4988,HIGH
react,CVE-2013-2594,"['V2', 7.5, 'HIGH']",https://nvd.nist.gov/vuln/detail/CVE-2013-2594,HIGH
react,CVE-2012-4987,"['V2', 6.8, 'MEDIUM']",https://nvd.nist.gov/vuln/detail/CVE-2012-4987,MEDIUM
react,CVE-2012-4985,"['V2', 4.3, 'MEDIUM']",https://nvd.nist.gov/vuln/detail/CVE-2012-4985,MEDIUM
react,CVE-2012-4975,"['V2', 4.0, 'MEDIUM']",https://nvd.nist.gov/vuln/detail/CVE-2012-4975,MEDIUM
react,CVE-2012-4972,"['V2', 4.3, 'MEDIUM']",https://nvd.nist.gov/vuln/detail/CVE-2012-4972,MEDIUM
react,CVE-2012-4768,"['V2', 4.3, 'MEDIUM']",https://nvd.nist.gov/vuln/detail/CVE-2012-4768,MEDIUM
react,CVE-2012-4241,"['V2', 4.3, 'MEDIUM']",https://nvd.nist.gov/vuln/detail/CVE-2012-4241,MEDIUM
react,CVE-2012-4240,"['V2', 6.5, 'MEDIUM']",https://nvd.nist.gov/vuln/detail/CVE-2012-4240,MEDIUM
react,CVE-2002-1682,"['V2', 2.1, 'LOW']",https://nvd.nist.gov/vuln/detail/CVE-2002-1682,LOW
react,CVE-2012-4242,"['V2', 4.3, 'MEDIUM']",https://nvd.nist.gov/vuln/detail/CVE-2012-4242,MEDIUM
react,CVE-2013-4446,"['V2', 6.8, 'MEDIUM']",https://nvd.nist.gov/vuln/detail/CVE-2013-4446,MEDIUM
react,CVE-2007-1724,"['V2', 10.0, 'HIGH']",https://nvd.nist.gov/vuln/detail/CVE-2007-1724,HIGH
react,CVE-2012-4983,"['V2', 4.3, 'MEDIUM']",https://nvd.nist.gov/vuln/detail/CVE-2012-4983,MEDIUM
react,CVE-2012-4982,"['V2', 5.8, 'MEDIUM']",https://nvd.nist.gov/vuln/detail/CVE-2012-4982,MEDIUM
react,CVE-2012-4974,"['V2', 6.5, 'MEDIUM']",https://nvd.nist.gov/vuln/detail/CVE-2012-4974,MEDIUM
react,CVE-2012-4977,"['V2', 5.0, 'MEDIUM']",https://nvd.nist.gov/vuln/detail/CVE-2012-4977,MEDIUM
react,CVE-2012-4976,"['V2', 5.0, 'MEDIUM']",https://nvd.nist.gov/vuln/detail/CVE-2012-4976,MEDIUM
react,CVE-2012-4971,"['V2', 7.5, 'HIGH']",https://nvd.nist.gov/vuln/detail/CVE-2012-4971,HIGH
react,CVE-2012-4238,"['V2', 2.1, 'LOW']",https://nvd.nist.gov/vuln/detail/CVE-2012-4238,LOW
react,CVE-2012-4237,"['V2', 6.8, 'MEDIUM']",https://nvd.nist.gov/vuln/detail/CVE-2012-4237,MEDIUM
react,CVE-2012-4236,"['V2', 4.3, 'MEDIUM']",https://nvd.nist.gov/vuln/detail/CVE-2012-4236,MEDIUM
rollup,CVE-2022-31153,"['V3', 6.5, 'MEDIUM']",https://nvd.nist.gov/vuln/detail/CVE-2022-31153,MEDIUM
rollup,CVE-2020-12029,"['V3', 7.8, 'HIGH']",https://nvd.nist.gov/vuln/detail/CVE-2020-12029,HIGH
rollup,CVE-2020-12031,"['V3', 7.8, 'HIGH']",https://nvd.nist.gov/vuln/detail/CVE-2020-12031,HIGH
rollup,CVE-2018-0924,"['V3', 6.5, 'MEDIUM']",https://nvd.nist.gov/vuln/detail/CVE-2018-0924,MEDIUM
rollup,CVE-2018-0940,"['V3', 6.5, 'MEDIUM']",https://nvd.nist.gov/vuln/detail/CVE-2018-0940,MEDIUM
rollup,CVE-2020-7686,"['V3', 7.5, 'HIGH']",https://nvd.nist.gov/vuln/detail/CVE-2020-7686,HIGH
rollup,CVE-2020-7683,"['V3', 7.5, 'HIGH']",https://nvd.nist.gov/vuln/detail/CVE-2020-7683,HIGH
rollup,CVE-2020-7684,"['V3', 9.8, 'CRITICAL']",https://nvd.nist.gov/vuln/detail/CVE-2020-7684,CRITICAL
rollup,CVE-2010-3837,"['V2', 4.0, 'MEDIUM']",https://nvd.nist.gov/vuln/detail/CVE-2010-3837,MEDIUM
rollup,CVE-2010-3678,"['V2', 4.0, 'MEDIUM']",https://nvd.nist.gov/vuln/detail/CVE-2010-3678,MEDIUM
rollup,CVE-2018-8652,"['V3', 5.4, 'MEDIUM']",https://nvd.nist.gov/vuln/detail/CVE-2018-8652,MEDIUM
rollup,CVE-2018-16793,"['V3', 8.6, 'HIGH']",https://nvd.nist.gov/vuln/detail/CVE-2018-16793,HIGH
rollup,CVE-2015-2420,"['V2', 4.3, 'MEDIUM']",https://nvd.nist.gov/vuln/detail/CVE-2015-2420,MEDIUM
rollup,CVE-2015-0012,"['V2', 6.9, 'MEDIUM']",https://nvd.nist.gov/vuln/detail/CVE-2015-0012,MEDIUM
rollup,CVE-2010-3984,"['V2', 7.5, 'HIGH']",https://nvd.nist.gov/vuln/detail/CVE-2010-3984,HIGH
rollup,CVE-2013-5008,"['V2', 4.6, 'MEDIUM']",https://nvd.nist.gov/vuln/detail/CVE-2013-5008,MEDIUM
rollup,CVE-2009-2453,"['V2', 7.5, 'HIGH']",https://nvd.nist.gov/vuln/detail/CVE-2009-2453,HIGH
rollup,CVE-2005-3177,"['V2', 4.6, 'MEDIUM']",https://nvd.nist.gov/vuln/detail/CVE-2005-3177,MEDIUM
rollup,CVE-2005-3176,"['V2', 7.5, 'HIGH']",https://nvd.nist.gov/vuln/detail/CVE-2005-3176,HIGH
rollup,CVE-2005-3175,"['V2', 7.2, 'HIGH']",https://nvd.nist.gov/vuln/detail/CVE-2005-3175,HIGH
rollup,CVE-2005-3174,"['V2', 4.6, 'MEDIUM']",https://nvd.nist.gov/vuln/detail/CVE-2005-3174,MEDIUM
rollup,CVE-2005-3173,"['V2', 4.6, 'MEDIUM']",https://nvd.nist.gov/vuln/detail/CVE-2005-3173,MEDIUM
rollup,CVE-2005-3172,"['V2', 5.0, 'MEDIUM']",https://nvd.nist.gov/vuln/detail/CVE-2005-3172,MEDIUM
rollup,CVE-2005-3171,"['V2', 4.6, 'MEDIUM']",https://nvd.nist.gov/vuln/detail/CVE-2005-3171,MEDIUM
rollup,CVE-2005-3170,"['V2', 5.1, 'MEDIUM']",https://nvd.nist.gov/vuln/detail/CVE-2005-3170,MEDIUM
rollup,CVE-2005-3169,"['V2', 5.0, 'MEDIUM']",https://nvd.nist.gov/vuln/detail/CVE-2005-3169,MEDIUM
rollup,CVE-2005-3168,"['V2', 7.5, 'HIGH']",https://nvd.nist.gov/vuln/detail/CVE-2005-3168,HIGH
scheduler,CVE-2022-30706,"[None, None, None]",https://nvd.nist.gov/vuln/detail/CVE-2022-30706,
scheduler,CVE-2022-32274,"['V3', 5.4, 'MEDIUM']",https://nvd.nist.gov/vuln/detail/CVE-2022-32274,MEDIUM
scheduler,CVE-2019-10086,"['V3', 7.3, 'HIGH']",https://nvd.nist.gov/vuln/detail/CVE-2019-10086,HIGH
scheduler,CVE-2020-11978,"['V3', 8.8, 'HIGH']",https://nvd.nist.gov/vuln/detail/CVE-2020-11978,HIGH
scheduler,CVE-2021-20624,"['V3', 6.5, 'MEDIUM']",https://nvd.nist.gov/vuln/detail/CVE-2021-20624,MEDIUM
scheduler,CVE-2021-20768,"['V3', 4.3, 'MEDIUM']",https://nvd.nist.gov/vuln/detail/CVE-2021-20768,MEDIUM
scheduler,CVE-2021-35495,"['V3', 8.8, 'HIGH']",https://nvd.nist.gov/vuln/detail/CVE-2021-35495,HIGH
scheduler,CVE-2022-28692,"['V3', 4.3, 'MEDIUM']",https://nvd.nist.gov/vuln/detail/CVE-2022-28692,MEDIUM
scheduler,CVE-2022-28713,"['V3', 5.3, 'MEDIUM']",https://nvd.nist.gov/vuln/detail/CVE-2022-28713,MEDIUM
scheduler,CVE-2022-29513,"['V3', 4.8, 'MEDIUM']",https://nvd.nist.gov/vuln/detail/CVE-2022-29513,MEDIUM
scheduler,CVE-2022-28167,"['V3', 6.5, 'MEDIUM']",https://nvd.nist.gov/vuln/detail/CVE-2022-28167,MEDIUM
scheduler,CVE-2022-30927,"['V3', 9.8, 'CRITICAL']",https://nvd.nist.gov/vuln/detail/CVE-2022-30927,CRITICAL
scheduler,CVE-2022-28717,"['V3', 4.8, 'MEDIUM']",https://nvd.nist.gov/vuln/detail/CVE-2022-28717,MEDIUM
scheduler,CVE-2022-27632,"['V3', 8.8, 'HIGH']",https://nvd.nist.gov/vuln/detail/CVE-2022-27632,HIGH
scheduler,CVE-2021-3982,"['V3', 5.5, 'MEDIUM']",https://nvd.nist.gov/vuln/detail/CVE-2021-3982,MEDIUM
scheduler,CVE-2022-21470,"['V3', 6.1, 'MEDIUM']",https://nvd.nist.gov/vuln/detail/CVE-2022-21470,MEDIUM
scheduler,CVE-2019-13990,"['V3', 9.8, 'CRITICAL']",https://nvd.nist.gov/vuln/detail/CVE-2019-13990,CRITICAL
scheduler,CVE-2021-22055,"['V3', 5.3, 'MEDIUM']",https://nvd.nist.gov/vuln/detail/CVE-2021-22055,MEDIUM
scheduler,CVE-2022-25598,"['V3', 7.5, 'HIGH']",https://nvd.nist.gov/vuln/detail/CVE-2022-25598,HIGH
scheduler,CVE-2019-9581,"['V3', 8.8, 'HIGH']",https://nvd.nist.gov/vuln/detail/CVE-2019-9581,HIGH
scheduler,CVE-2022-0600,"['V3', 6.1, 'MEDIUM']",https://nvd.nist.gov/vuln/detail/CVE-2022-0600,MEDIUM
scheduler,CVE-2021-41660,"['V3', 9.8, 'CRITICAL']",https://nvd.nist.gov/vuln/detail/CVE-2021-41660,CRITICAL
scheduler,CVE-2021-41930,"['V3', 6.1, 'MEDIUM']",https://nvd.nist.gov/vuln/detail/CVE-2021-41930,MEDIUM
scheduler,CVE-2021-45935,"['V3', 5.5, 'MEDIUM']",https://nvd.nist.gov/vuln/detail/CVE-2021-45935,MEDIUM
scheduler,CVE-2021-24956,"['V3', 6.1, 'MEDIUM']",https://nvd.nist.gov/vuln/detail/CVE-2021-24956,MEDIUM
scheduler,CVE-2018-1088,"['V3', 8.1, 'HIGH']",https://nvd.nist.gov/vuln/detail/CVE-2018-1088,HIGH
scheduler,CVE-2021-27644,"['V3', 8.8, 'HIGH']",https://nvd.nist.gov/vuln/detail/CVE-2021-27644,HIGH
scheduler,CVE-2021-37803,"['V3', 8.1, 'HIGH']",https://nvd.nist.gov/vuln/detail/CVE-2021-37803,HIGH
scheduler,CVE-2021-38481,"['V3', 9.8, 'CRITICAL']",https://nvd.nist.gov/vuln/detail/CVE-2021-38481,CRITICAL
scheduler,CVE-2021-36621,"['V3', 8.1, 'HIGH']",https://nvd.nist.gov/vuln/detail/CVE-2021-36621,HIGH
scheduler,CVE-2021-37223,"['V3', 6.5, 'MEDIUM']",https://nvd.nist.gov/vuln/detail/CVE-2021-37223,MEDIUM
scheduler,CVE-2021-31891,"['V3', 10.0, 'CRITICAL']",https://nvd.nist.gov/vuln/detail/CVE-2021-31891,CRITICAL
scheduler,CVE-2021-32810,"['V3', 9.8, 'CRITICAL']",https://nvd.nist.gov/vuln/detail/CVE-2021-32810,CRITICAL
scheduler,CVE-2021-20753,"['V3', 5.4, 'MEDIUM']",https://nvd.nist.gov/vuln/detail/CVE-2021-20753,MEDIUM
scheduler,CVE-2021-35936,"['V3', 5.3, 'MEDIUM']",https://nvd.nist.gov/vuln/detail/CVE-2021-35936,MEDIUM
scheduler,CVE-2021-20349,"['V3', 5.3, 'MEDIUM']",https://nvd.nist.gov/vuln/detail/CVE-2021-20349,MEDIUM
scheduler,CVE-2021-36622,"['V3', 9.8, 'CRITICAL']",https://nvd.nist.gov/vuln/detail/CVE-2021-36622,CRITICAL
scheduler,CVE-2021-2391,"['V3', 8.8, 'HIGH']",https://nvd.nist.gov/vuln/detail/CVE-2021-2391,HIGH
scheduler,CVE-1999-1370,"['V2', 7.2, 'HIGH']",https://nvd.nist.gov/vuln/detail/CVE-1999-1370,HIGH
scheduler,CVE-2020-12712,"['V3', 7.5, 'HIGH']",https://nvd.nist.gov/vuln/detail/CVE-2020-12712,HIGH
scheduler,CVE-2021-27277,"['V3', 7.8, 'HIGH']",https://nvd.nist.gov/vuln/detail/CVE-2021-27277,HIGH
scheduler,CVE-2021-31769,"['V3', 8.8, 'HIGH']",https://nvd.nist.gov/vuln/detail/CVE-2021-31769,HIGH
scheduler,CVE-2019-4031,"['V3', 7.8, 'HIGH']",https://nvd.nist.gov/vuln/detail/CVE-2019-4031,HIGH
scheduler,CVE-2018-1386,"['V3', 7.0, 'HIGH']",https://nvd.nist.gov/vuln/detail/CVE-2018-1386,HIGH
scheduler,CVE-2019-4608,"['V3', 5.4, 'MEDIUM']",https://nvd.nist.gov/vuln/detail/CVE-2019-4608,MEDIUM
scheduler,CVE-2021-31475,"['V3', 8.8, 'HIGH']",https://nvd.nist.gov/vuln/detail/CVE-2021-31475,HIGH
scheduler,CVE-2021-21425,"['V3', 9.8, 'CRITICAL']",https://nvd.nist.gov/vuln/detail/CVE-2021-21425,CRITICAL
scheduler,CVE-2017-12637,"['V3', 7.5, 'HIGH']",https://nvd.nist.gov/vuln/detail/CVE-2017-12637,HIGH
scheduler,CVE-2020-11974,"['V3', 9.8, 'CRITICAL']",https://nvd.nist.gov/vuln/detail/CVE-2020-11974,CRITICAL
scheduler,CVE-2020-29553,"['V3', 8.8, 'HIGH']",https://nvd.nist.gov/vuln/detail/CVE-2020-29553,HIGH
scheduler,CVE-2014-0114,"['V2', 7.5, 'HIGH']",https://nvd.nist.gov/vuln/detail/CVE-2014-0114,HIGH
scheduler,CVE-2021-2035,"['V3', 8.8, 'HIGH']",https://nvd.nist.gov/vuln/detail/CVE-2021-2035,HIGH
scheduler,CVE-2020-13922,"['V3', 6.5, 'MEDIUM']",https://nvd.nist.gov/vuln/detail/CVE-2020-13922,MEDIUM
scheduler,CVE-2019-20934,"['V3', 5.3, 'MEDIUM']",https://nvd.nist.gov/vuln/detail/CVE-2019-20934,MEDIUM
scheduler,CVE-2020-35416,"['V3', 6.1, 'MEDIUM']",https://nvd.nist.gov/vuln/detail/CVE-2020-35416,MEDIUM
scheduler,CVE-2020-5426,"['V3', 9.8, 'CRITICAL']",https://nvd.nist.gov/vuln/detail/CVE-2020-5426,CRITICAL
scheduler,CVE-2020-14735,"['V3', 8.8, 'HIGH']",https://nvd.nist.gov/vuln/detail/CVE-2020-14735,HIGH
scheduler,CVE-2020-5982,"['V3', 4.4, 'MEDIUM']",https://nvd.nist.gov/vuln/detail/CVE-2020-5982,MEDIUM
scheduler,CVE-2020-10382,"['V3', 9.8, 'CRITICAL']",https://nvd.nist.gov/vuln/detail/CVE-2020-10382,CRITICAL
scheduler,CVE-2020-1113,"['V3', 7.5, 'HIGH']",https://nvd.nist.gov/vuln/detail/CVE-2020-1113,HIGH
scheduler,CVE-2018-0427,"['V3', 8.8, 'HIGH']",https://nvd.nist.gov/vuln/detail/CVE-2018-0427,HIGH
scheduler,CVE-2018-14572,"['V3', 7.8, 'HIGH']",https://nvd.nist.gov/vuln/detail/CVE-2018-14572,HIGH
scheduler,CVE-2019-0838,"['V3', 7.8, 'HIGH']",https://nvd.nist.gov/vuln/detail/CVE-2019-0838,HIGH
scheduler,CVE-2019-1069,"['V3', 7.8, 'HIGH']",https://nvd.nist.gov/vuln/detail/CVE-2019-1069,HIGH
scheduler,CVE-2019-13355,"['V3', 7.8, 'HIGH']",https://nvd.nist.gov/vuln/detail/CVE-2019-13355,HIGH
scheduler,CVE-2019-8955,"['V3', 7.5, 'HIGH']",https://nvd.nist.gov/vuln/detail/CVE-2019-8955,HIGH
scheduler,CVE-2015-4027,"['V2', 7.2, 'HIGH']",https://nvd.nist.gov/vuln/detail/CVE-2015-4027,HIGH
scheduler,CVE-2020-13426,"['V3', 6.5, 'MEDIUM']",https://nvd.nist.gov/vuln/detail/CVE-2020-13426,MEDIUM
scheduler,CVE-2020-4380,"['V3', 5.4, 'MEDIUM']",https://nvd.nist.gov/vuln/detail/CVE-2020-4380,MEDIUM
scheduler,CVE-2020-2797,"['V3', 6.1, 'MEDIUM']",https://nvd.nist.gov/vuln/detail/CVE-2020-2797,MEDIUM
scheduler,CVE-2020-6854,"['V3', 5.4, 'MEDIUM']",https://nvd.nist.gov/vuln/detail/CVE-2020-6854,MEDIUM
scheduler,CVE-2020-6855,"['V3', 6.5, 'MEDIUM']",https://nvd.nist.gov/vuln/detail/CVE-2020-6855,MEDIUM
scheduler,CVE-2020-6856,"['V3', 6.5, 'MEDIUM']",https://nvd.nist.gov/vuln/detail/CVE-2020-6856,MEDIUM
scheduler,CVE-2014-8126,"['V3', 8.8, 'HIGH']",https://nvd.nist.gov/vuln/detail/CVE-2014-8126,HIGH
scheduler,CVE-2019-20197,"['V3', 8.8, 'HIGH']",https://nvd.nist.gov/vuln/detail/CVE-2019-20197,HIGH
scheduler,CVE-2019-20139,"['V3', 5.4, 'MEDIUM']",https://nvd.nist.gov/vuln/detail/CVE-2019-20139,MEDIUM
scheduler,CVE-2012-6122,"['V3', 7.5, 'HIGH']",https://nvd.nist.gov/vuln/detail/CVE-2012-6122,HIGH
scheduler,CVE-2018-15614,"['V3', 5.4, 'MEDIUM']",https://nvd.nist.gov/vuln/detail/CVE-2018-15614,MEDIUM
scheduler,CVE-2016-4925,"['V3', 7.5, 'HIGH']",https://nvd.nist.gov/vuln/detail/CVE-2016-4925,HIGH
scheduler,CVE-2017-16239,"['V3', 6.5, 'MEDIUM']",https://nvd.nist.gov/vuln/detail/CVE-2017-16239,MEDIUM
scheduler,CVE-2017-17051,"['V3', 8.6, 'HIGH']",https://nvd.nist.gov/vuln/detail/CVE-2017-17051,HIGH
scheduler,CVE-2017-1716,"['V3', 3.3, 'LOW']",https://nvd.nist.gov/vuln/detail/CVE-2017-1716,LOW
scheduler,CVE-2017-18190,"['V3', 7.5, 'HIGH']",https://nvd.nist.gov/vuln/detail/CVE-2017-18190,HIGH
scheduler,CVE-2017-3537,"['V3', 6.1, 'MEDIUM']",https://nvd.nist.gov/vuln/detail/CVE-2017-3537,MEDIUM
scheduler,CVE-2018-2891,"['V3', 6.1, 'MEDIUM']",https://nvd.nist.gov/vuln/detail/CVE-2018-2891,MEDIUM
scheduler,CVE-2019-13357,"['V3', 7.8, 'HIGH']",https://nvd.nist.gov/vuln/detail/CVE-2019-13357,HIGH
scheduler,CVE-2019-5978,"['V3', 6.1, 'MEDIUM']",https://nvd.nist.gov/vuln/detail/CVE-2019-5978,MEDIUM
scheduler,CVE-2018-14383,"['V3', 7.5, 'HIGH']",https://nvd.nist.gov/vuln/detail/CVE-2018-14383,HIGH
scheduler,CVE-2019-5940,"['V3', 6.1, 'MEDIUM']",https://nvd.nist.gov/vuln/detail/CVE-2019-5940,MEDIUM
scheduler,CVE-2015-2525,"['V2', 7.2, 'HIGH']",https://nvd.nist.gov/vuln/detail/CVE-2015-2525,HIGH
scheduler,CVE-2015-0084,"['V2', 2.1, 'LOW']",https://nvd.nist.gov/vuln/detail/CVE-2015-0084,LOW
scheduler,CVE-2014-4074,"['V2', 7.2, 'HIGH']",https://nvd.nist.gov/vuln/detail/CVE-2014-4074,HIGH
scheduler,CVE-2019-6689,"['V3', 7.8, 'HIGH']",https://nvd.nist.gov/vuln/detail/CVE-2019-6689,HIGH
scheduler,CVE-2018-1317,"['V3', 8.8, 'HIGH']",https://nvd.nist.gov/vuln/detail/CVE-2018-1317,HIGH
scheduler,CVE-2004-0212,"['V2', 10.0, 'HIGH']",https://nvd.nist.gov/vuln/detail/CVE-2004-0212,HIGH
scheduler,CVE-2008-4801,"['V2', 10.0, 'HIGH']",https://nvd.nist.gov/vuln/detail/CVE-2008-4801,HIGH
scheduler,CVE-2010-3338,"['V2', 7.2, 'HIGH']",https://nvd.nist.gov/vuln/detail/CVE-2010-3338,HIGH
scheduler,CVE-2006-3209,"['V2', 7.2, 'HIGH']",https://nvd.nist.gov/vuln/detail/CVE-2006-3209,HIGH
scheduler,CVE-2006-5928,"['V2', 7.5, 'HIGH']",https://nvd.nist.gov/vuln/detail/CVE-2006-5928,HIGH
scheduler,CVE-2006-5343,"['V2', 9.0, 'HIGH']",https://nvd.nist.gov/vuln/detail/CVE-2006-5343,HIGH
semver,CVE-2021-3795,"['V3', 7.5, 'HIGH']",https://nvd.nist.gov/vuln/detail/CVE-2021-3795,HIGH
semver,CVE-2021-43307,"['V3', 7.5, 'HIGH']",https://nvd.nist.gov/vuln/detail/CVE-2021-43307,HIGH
semver,CVE-2021-21303,"['V3', 5.9, 'MEDIUM']",https://nvd.nist.gov/vuln/detail/CVE-2021-21303,MEDIUM
semver,CVE-2018-1002205,"['V3', 5.5, 'MEDIUM']",https://nvd.nist.gov/vuln/detail/CVE-2018-1002205,MEDIUM
semver,CVE-2015-8855,"['V3', 7.5, 'HIGH']",https://nvd.nist.gov/vuln/detail/CVE-2015-8855,HIGH
shared,CVE-2022-23004,"[None, None, None]",https://nvd.nist.gov/vuln/detail/CVE-2022-23004,
shared,CVE-2022-23003,"[None, None, None]",https://nvd.nist.gov/vuln/detail/CVE-2022-23003,
shared,CVE-2022-29187,"['V3', 7.8, 'HIGH']",https://nvd.nist.gov/vuln/detail/CVE-2022-29187,HIGH
shared,CVE-2022-33742,"['V3', 7.1, 'HIGH']",https://nvd.nist.gov/vuln/detail/CVE-2022-33742,HIGH
shared,CVE-2022-33741,"['V3', 7.1, 'HIGH']",https://nvd.nist.gov/vuln/detail/CVE-2022-33741,HIGH
shared,CVE-2022-33740,"['V3', 7.1, 'HIGH']",https://nvd.nist.gov/vuln/detail/CVE-2022-33740,HIGH
shared,CVE-2022-26365,"['V3', 7.1, 'HIGH']",https://nvd.nist.gov/vuln/detail/CVE-2022-26365,HIGH
shared,CVE-2020-36187,"['V3', 8.1, 'HIGH']",https://nvd.nist.gov/vuln/detail/CVE-2020-36187,HIGH
shared,CVE-2020-36185,"['V3', 8.1, 'HIGH']",https://nvd.nist.gov/vuln/detail/CVE-2020-36185,HIGH
shared,CVE-2020-35491,"['V3', 8.1, 'HIGH']",https://nvd.nist.gov/vuln/detail/CVE-2020-35491,HIGH
shared,CVE-2022-21123,"['V3', 5.5, 'MEDIUM']",https://nvd.nist.gov/vuln/detail/CVE-2022-21123,MEDIUM
shared,CVE-2020-36239,"['V3', 9.8, 'CRITICAL']",https://nvd.nist.gov/vuln/detail/CVE-2020-36239,CRITICAL
shared,CVE-2020-35455,"['V3', 7.8, 'HIGH']",https://nvd.nist.gov/vuln/detail/CVE-2020-35455,HIGH
shared,CVE-2021-28249,"['V3', 8.8, 'HIGH']",https://nvd.nist.gov/vuln/detail/CVE-2021-28249,HIGH
shared,CVE-2021-29958,"['V3', 4.3, 'MEDIUM']",https://nvd.nist.gov/vuln/detail/CVE-2021-29958,MEDIUM
shared,CVE-2021-38950,"['V3', 7.8, 'HIGH']",https://nvd.nist.gov/vuln/detail/CVE-2021-38950,HIGH
shared,CVE-2021-39802,"['V3', 7.8, 'HIGH']",https://nvd.nist.gov/vuln/detail/CVE-2021-39802,HIGH
shared,CVE-2021-41025,"['V3', 9.8, 'CRITICAL']",https://nvd.nist.gov/vuln/detail/CVE-2021-41025,CRITICAL
shared,CVE-2020-20444,"['V3', 7.2, 'HIGH']",https://nvd.nist.gov/vuln/detail/CVE-2020-20444,HIGH
shared,CVE-2022-0376,"['V3', 4.8, 'MEDIUM']",https://nvd.nist.gov/vuln/detail/CVE-2022-0376,MEDIUM
shared,CVE-2022-23960,"['V3', 5.6, 'MEDIUM']",https://nvd.nist.gov/vuln/detail/CVE-2022-23960,MEDIUM
shared,CVE-2022-23042,"['V3', 7.0, 'HIGH']",https://nvd.nist.gov/vuln/detail/CVE-2022-23042,HIGH
shared,CVE-2022-23041,"['V3', 7.0, 'HIGH']",https://nvd.nist.gov/vuln/detail/CVE-2022-23041,HIGH
shared,CVE-2022-23040,"['V3', 7.0, 'HIGH']",https://nvd.nist.gov/vuln/detail/CVE-2022-23040,HIGH
shared,CVE-2022-23039,"['V3', 7.0, 'HIGH']",https://nvd.nist.gov/vuln/detail/CVE-2022-23039,HIGH
shared,CVE-2022-23038,"['V3', 7.0, 'HIGH']",https://nvd.nist.gov/vuln/detail/CVE-2022-23038,HIGH
shared,CVE-2022-23037,"['V3', 7.0, 'HIGH']",https://nvd.nist.gov/vuln/detail/CVE-2022-23037,HIGH
shared,CVE-2022-23036,"['V3', 7.0, 'HIGH']",https://nvd.nist.gov/vuln/detail/CVE-2022-23036,HIGH
shared,CVE-2022-20651,"['V3', 5.5, 'MEDIUM']",https://nvd.nist.gov/vuln/detail/CVE-2022-20651,MEDIUM
shared,CVE-2021-36305,"['V3', 6.5, 'MEDIUM']",https://nvd.nist.gov/vuln/detail/CVE-2021-36305,MEDIUM
shared,CVE-2022-30325,"['V3', 8.8, 'HIGH']",https://nvd.nist.gov/vuln/detail/CVE-2022-30325,HIGH
shared,CVE-2022-30327,"['V3', 6.5, 'MEDIUM']",https://nvd.nist.gov/vuln/detail/CVE-2022-30327,MEDIUM
shared,CVE-2022-30326,"['V3', 5.4, 'MEDIUM']",https://nvd.nist.gov/vuln/detail/CVE-2022-30326,MEDIUM
shared,CVE-2022-26476,"['V3', 8.8, 'HIGH']",https://nvd.nist.gov/vuln/detail/CVE-2022-26476,HIGH
shared,CVE-2019-5068,"['V3', 4.4, 'MEDIUM']",https://nvd.nist.gov/vuln/detail/CVE-2019-5068,MEDIUM
shared,CVE-2019-3738,"['V3', 6.5, 'MEDIUM']",https://nvd.nist.gov/vuln/detail/CVE-2019-3738,MEDIUM
shared,CVE-2022-26497,"['V3', 5.4, 'MEDIUM']",https://nvd.nist.gov/vuln/detail/CVE-2022-26497,MEDIUM
shared,CVE-2022-22767,"['V3', 8.8, 'HIGH']",https://nvd.nist.gov/vuln/detail/CVE-2022-22767,HIGH
shared,CVE-2022-29235,"['V3', 5.3, 'MEDIUM']",https://nvd.nist.gov/vuln/detail/CVE-2022-29235,MEDIUM
shared,CVE-2019-18276,"['V3', 7.8, 'HIGH']",https://nvd.nist.gov/vuln/detail/CVE-2019-18276,HIGH
shared,CVE-2022-29599,"['V3', 9.8, 'CRITICAL']",https://nvd.nist.gov/vuln/detail/CVE-2022-29599,CRITICAL
shared,CVE-2021-21334,"['V3', 6.3, 'MEDIUM']",https://nvd.nist.gov/vuln/detail/CVE-2021-21334,MEDIUM
shared,CVE-2021-44733,"['V3', 7.0, 'HIGH']",https://nvd.nist.gov/vuln/detail/CVE-2021-44733,HIGH
shared,CVE-2021-23970,"['V3', 6.5, 'MEDIUM']",https://nvd.nist.gov/vuln/detail/CVE-2021-23970,MEDIUM
shared,CVE-2021-29265,"['V3', 4.7, 'MEDIUM']",https://nvd.nist.gov/vuln/detail/CVE-2021-29265,MEDIUM
shared,CVE-2021-29626,"['V3', 5.5, 'MEDIUM']",https://nvd.nist.gov/vuln/detail/CVE-2021-29626,MEDIUM
shared,CVE-2021-3634,"['V3', 6.5, 'MEDIUM']",https://nvd.nist.gov/vuln/detail/CVE-2021-3634,MEDIUM
shared,CVE-2021-26400,"['V3', 4.0, 'MEDIUM']",https://nvd.nist.gov/vuln/detail/CVE-2021-26400,MEDIUM
shared,CVE-2022-1701,"['V3', 7.5, 'HIGH']",https://nvd.nist.gov/vuln/detail/CVE-2022-1701,HIGH
shared,CVE-2022-29151,"['V3', 7.0, 'HIGH']",https://nvd.nist.gov/vuln/detail/CVE-2022-29151,HIGH
shared,CVE-2022-29150,"['V3', 7.0, 'HIGH']",https://nvd.nist.gov/vuln/detail/CVE-2022-29150,HIGH
shared,CVE-2022-29138,"['V3', 7.0, 'HIGH']",https://nvd.nist.gov/vuln/detail/CVE-2022-29138,HIGH
shared,CVE-2022-29135,"['V3', 7.0, 'HIGH']",https://nvd.nist.gov/vuln/detail/CVE-2022-29135,HIGH
shared,CVE-2022-29134,"['V3', 6.5, 'MEDIUM']",https://nvd.nist.gov/vuln/detail/CVE-2022-29134,MEDIUM
shared,CVE-2022-29123,"['V3', 6.5, 'MEDIUM']",https://nvd.nist.gov/vuln/detail/CVE-2022-29123,MEDIUM
shared,CVE-2022-29122,"['V3', 6.5, 'MEDIUM']",https://nvd.nist.gov/vuln/detail/CVE-2022-29122,MEDIUM
shared,CVE-2022-29120,"['V3', 6.5, 'MEDIUM']",https://nvd.nist.gov/vuln/detail/CVE-2022-29120,MEDIUM
shared,CVE-2022-29106,"['V3', 7.0, 'HIGH']",https://nvd.nist.gov/vuln/detail/CVE-2022-29106,HIGH
shared,CVE-2022-24409,"['V3', 9.8, 'CRITICAL']",https://nvd.nist.gov/vuln/detail/CVE-2022-24409,CRITICAL
shared,CVE-2013-0429,"['V2', 7.6, 'HIGH']",https://nvd.nist.gov/vuln/detail/CVE-2013-0429,HIGH
shared,CVE-2013-1500,"['V2', 3.6, 'LOW']",https://nvd.nist.gov/vuln/detail/CVE-2013-1500,LOW
shared,CVE-2022-20001,"['V3', 7.8, 'HIGH']",https://nvd.nist.gov/vuln/detail/CVE-2022-20001,HIGH
shared,CVE-2020-6110,"['V3', 8.8, 'HIGH']",https://nvd.nist.gov/vuln/detail/CVE-2020-6110,HIGH
shared,CVE-2020-15250,"['V3', 5.5, 'MEDIUM']",https://nvd.nist.gov/vuln/detail/CVE-2020-15250,MEDIUM
shared,CVE-2021-21290,"['V3', 5.5, 'MEDIUM']",https://nvd.nist.gov/vuln/detail/CVE-2021-21290,MEDIUM
shared,CVE-2021-34428,"['V3', 3.5, 'LOW']",https://nvd.nist.gov/vuln/detail/CVE-2021-34428,LOW
shared,CVE-2021-22572,"['V3', 5.5, 'MEDIUM']",https://nvd.nist.gov/vuln/detail/CVE-2021-22572,MEDIUM
shared,CVE-2020-11741,"['V3', 8.8, 'HIGH']",https://nvd.nist.gov/vuln/detail/CVE-2020-11741,HIGH
shared,CVE-2020-15564,"['V3', 6.5, 'MEDIUM']",https://nvd.nist.gov/vuln/detail/CVE-2020-15564,MEDIUM
shared,CVE-2020-12405,"['V3', 5.3, 'MEDIUM']",https://nvd.nist.gov/vuln/detail/CVE-2020-12405,MEDIUM
shared,CVE-2022-1050,"['V3', 8.8, 'HIGH']",https://nvd.nist.gov/vuln/detail/CVE-2022-1050,HIGH
shared,CVE-2020-25600,"['V3', 5.5, 'MEDIUM']",https://nvd.nist.gov/vuln/detail/CVE-2020-25600,MEDIUM
shared,CVE-2022-26133,"['V3', 9.8, 'CRITICAL']",https://nvd.nist.gov/vuln/detail/CVE-2022-26133,CRITICAL
shared,CVE-2021-21703,"['V3', 7.0, 'HIGH']",https://nvd.nist.gov/vuln/detail/CVE-2021-21703,HIGH
shared,CVE-2020-9480,"['V3', 9.8, 'CRITICAL']",https://nvd.nist.gov/vuln/detail/CVE-2020-9480,CRITICAL
shared,CVE-2020-8698,"['V3', 5.5, 'MEDIUM']",https://nvd.nist.gov/vuln/detail/CVE-2020-8698,MEDIUM
shared,CVE-2022-26785,"['V3', 6.5, 'MEDIUM']",https://nvd.nist.gov/vuln/detail/CVE-2022-26785,MEDIUM
shared,CVE-2022-26784,"['V3', 6.5, 'MEDIUM']",https://nvd.nist.gov/vuln/detail/CVE-2022-26784,MEDIUM
shared,CVE-2022-26783,"['V3', 6.5, 'MEDIUM']",https://nvd.nist.gov/vuln/detail/CVE-2022-26783,MEDIUM
shared,CVE-2022-23608,"['V3', 9.8, 'CRITICAL']",https://nvd.nist.gov/vuln/detail/CVE-2022-23608,CRITICAL
shared,CVE-2022-24539,"['V3', 6.5, 'MEDIUM']",https://nvd.nist.gov/vuln/detail/CVE-2022-24539,MEDIUM
shared,CVE-2019-11873,"['V3', 9.8, 'CRITICAL']",https://nvd.nist.gov/vuln/detail/CVE-2019-11873,CRITICAL
shared,CVE-2022-24484,"['V3', 5.5, 'MEDIUM']",https://nvd.nist.gov/vuln/detail/CVE-2022-24484,MEDIUM
shared,CVE-2022-24490,"['V3', 6.5, 'MEDIUM']",https://nvd.nist.gov/vuln/detail/CVE-2022-24490,MEDIUM
shared,CVE-2022-22532,"['V3', 9.8, 'CRITICAL']",https://nvd.nist.gov/vuln/detail/CVE-2022-22532,CRITICAL
shared,CVE-2022-22190,"['V3', 7.5, 'HIGH']",https://nvd.nist.gov/vuln/detail/CVE-2022-22190,HIGH
shared,CVE-2022-29047,"['V3', 5.3, 'MEDIUM']",https://nvd.nist.gov/vuln/detail/CVE-2022-29047,MEDIUM
shared,CVE-2022-22962,"['V3', 7.8, 'HIGH']",https://nvd.nist.gov/vuln/detail/CVE-2022-22962,HIGH
shared,CVE-2018-3987,"['V3', 5.5, 'MEDIUM']",https://nvd.nist.gov/vuln/detail/CVE-2018-3987,MEDIUM
shared,CVE-2018-3986,"['V3', 5.5, 'MEDIUM']",https://nvd.nist.gov/vuln/detail/CVE-2018-3986,MEDIUM
shared,CVE-2018-3955,"['V3', 7.2, 'HIGH']",https://nvd.nist.gov/vuln/detail/CVE-2018-3955,HIGH
shared,CVE-2018-3954,"['V3', 7.2, 'HIGH']",https://nvd.nist.gov/vuln/detail/CVE-2018-3954,HIGH
shared,CVE-2022-24538,"['V3', 6.5, 'MEDIUM']",https://nvd.nist.gov/vuln/detail/CVE-2022-24538,MEDIUM
shared,CVE-2019-9149,"['V3', 6.5, 'MEDIUM']",https://nvd.nist.gov/vuln/detail/CVE-2019-9149,MEDIUM
shared,CVE-2019-9148,"['V3', 4.3, 'MEDIUM']",https://nvd.nist.gov/vuln/detail/CVE-2019-9148,MEDIUM
shared,CVE-2021-1942,"['V3', 8.8, 'HIGH']",https://nvd.nist.gov/vuln/detail/CVE-2021-1942,HIGH
shared,CVE-2021-23331,"['V3', 3.3, 'LOW']",https://nvd.nist.gov/vuln/detail/CVE-2021-23331,LOW
shared,CVE-2020-27153,"['V3', 8.6, 'HIGH']",https://nvd.nist.gov/vuln/detail/CVE-2020-27153,HIGH
shared,CVE-2020-13881,"['V3', 7.5, 'HIGH']",https://nvd.nist.gov/vuln/detail/CVE-2020-13881,HIGH
shared,CVE-2022-0249,"['V3', 9.1, 'CRITICAL']",https://nvd.nist.gov/vuln/detail/CVE-2022-0249,CRITICAL
tmp,CVE-2021-3777,"['V3', 7.5, 'HIGH']",https://nvd.nist.gov/vuln/detail/CVE-2021-3777,HIGH
tmp,CVE-2022-29187,"['V3', 7.8, 'HIGH']",https://nvd.nist.gov/vuln/detail/CVE-2022-29187,HIGH
tmp,CVE-2022-24823,"['V3', 5.5, 'MEDIUM']",https://nvd.nist.gov/vuln/detail/CVE-2022-24823,MEDIUM
tmp,CVE-2022-31159,"['V3', 6.5, 'MEDIUM']",https://nvd.nist.gov/vuln/detail/CVE-2022-31159,MEDIUM
tmp,CVE-2022-32988,"['V3', 5.4, 'MEDIUM']",https://nvd.nist.gov/vuln/detail/CVE-2022-32988,MEDIUM
tmp,CVE-2021-31154,"['V3', 7.8, 'HIGH']",https://nvd.nist.gov/vuln/detail/CVE-2021-31154,HIGH
tmp,CVE-2022-33043,"['V3', 5.4, 'MEDIUM']",https://nvd.nist.gov/vuln/detail/CVE-2022-33043,MEDIUM
tmp,CVE-2022-31087,"['V3', 7.8, 'HIGH']",https://nvd.nist.gov/vuln/detail/CVE-2022-31087,HIGH
tmp,CVE-2020-25578,"['V3', 5.3, 'MEDIUM']",https://nvd.nist.gov/vuln/detail/CVE-2020-25578,MEDIUM
tmp,CVE-2022-33174,"['V3', 7.5, 'HIGH']",https://nvd.nist.gov/vuln/detail/CVE-2022-33174,HIGH
tmp,CVE-2022-27378,"['V3', 7.5, 'HIGH']",https://nvd.nist.gov/vuln/detail/CVE-2022-27378,HIGH
tmp,CVE-2021-4185,"['V3', 7.5, 'HIGH']",https://nvd.nist.gov/vuln/detail/CVE-2021-4185,HIGH
tmp,CVE-2021-30184,"['V3', 7.8, 'HIGH']",https://nvd.nist.gov/vuln/detail/CVE-2021-30184,HIGH
tmp,CVE-2021-22926,"['V3', 7.5, 'HIGH']",https://nvd.nist.gov/vuln/detail/CVE-2021-22926,HIGH
tmp,CVE-2020-15250,"['V3', 5.5, 'MEDIUM']",https://nvd.nist.gov/vuln/detail/CVE-2020-15250,MEDIUM
tmp,CVE-2021-21290,"['V3', 5.5, 'MEDIUM']",https://nvd.nist.gov/vuln/detail/CVE-2021-21290,MEDIUM
tmp,CVE-2022-21230,"['V3', 5.5, 'MEDIUM']",https://nvd.nist.gov/vuln/detail/CVE-2022-21230,MEDIUM
tmp,CVE-2021-22571,"['V3', 5.5, 'MEDIUM']",https://nvd.nist.gov/vuln/detail/CVE-2021-22571,MEDIUM
tmp,CVE-2020-8908,"['V3', 3.3, 'LOW']",https://nvd.nist.gov/vuln/detail/CVE-2020-8908,LOW
tmp,CVE-2021-21979,"['V3', 7.3, 'HIGH']",https://nvd.nist.gov/vuln/detail/CVE-2021-21979,HIGH
tmp,CVE-2021-44512,"['V3', 7.0, 'HIGH']",https://nvd.nist.gov/vuln/detail/CVE-2021-44512,HIGH
tmp,CVE-2019-10869,"['V3', 8.1, 'HIGH']",https://nvd.nist.gov/vuln/detail/CVE-2019-10869,HIGH
tmp,CVE-2021-44398,"['V3', 6.5, 'MEDIUM']",https://nvd.nist.gov/vuln/detail/CVE-2021-44398,MEDIUM
tmp,CVE-2021-44397,"['V3', 6.5, 'MEDIUM']",https://nvd.nist.gov/vuln/detail/CVE-2021-44397,MEDIUM
tmp,CVE-2022-27816,"['V3', 7.1, 'HIGH']",https://nvd.nist.gov/vuln/detail/CVE-2022-27816,HIGH
tmp,CVE-2019-18932,"['V3', 7.0, 'HIGH']",https://nvd.nist.gov/vuln/detail/CVE-2019-18932,HIGH
tmp,CVE-2020-1733,"['V3', 5.0, 'MEDIUM']",https://nvd.nist.gov/vuln/detail/CVE-2020-1733,MEDIUM
tmp,CVE-2017-14432,"['V3', 8.8, 'HIGH']",https://nvd.nist.gov/vuln/detail/CVE-2017-14432,HIGH
tmp,CVE-2019-9858,"['V3', 8.8, 'HIGH']",https://nvd.nist.gov/vuln/detail/CVE-2019-9858,HIGH
tmp,CVE-2019-13385,"['V3', 4.3, 'MEDIUM']",https://nvd.nist.gov/vuln/detail/CVE-2019-13385,MEDIUM
tmp,CVE-2019-13226,"['V3', 7.0, 'HIGH']",https://nvd.nist.gov/vuln/detail/CVE-2019-13226,HIGH
tmp,CVE-2022-27818,"['V3', 9.1, 'CRITICAL']",https://nvd.nist.gov/vuln/detail/CVE-2022-27818,CRITICAL
tmp,CVE-2022-27815,"['V3', 9.1, 'CRITICAL']",https://nvd.nist.gov/vuln/detail/CVE-2022-27815,CRITICAL
tmp,CVE-2021-23331,"['V3', 3.3, 'LOW']",https://nvd.nist.gov/vuln/detail/CVE-2021-23331,LOW
tmp,CVE-2020-1945,"['V3', 6.3, 'MEDIUM']",https://nvd.nist.gov/vuln/detail/CVE-2020-1945,MEDIUM
tmp,CVE-2022-0586,"['V3', 7.5, 'HIGH']",https://nvd.nist.gov/vuln/detail/CVE-2022-0586,HIGH
tmp,CVE-2022-24766,"['V3', 9.8, 'CRITICAL']",https://nvd.nist.gov/vuln/detail/CVE-2022-24766,CRITICAL
tmp,CVE-2021-3732,"['V3', 5.5, 'MEDIUM']",https://nvd.nist.gov/vuln/detail/CVE-2021-3732,MEDIUM
tmp,CVE-2022-24986,"['V3', 7.8, 'HIGH']",https://nvd.nist.gov/vuln/detail/CVE-2022-24986,HIGH
tmp,CVE-2021-44610,"['V3', 9.8, 'CRITICAL']",https://nvd.nist.gov/vuln/detail/CVE-2021-44610,CRITICAL
tmp,CVE-2005-0457,"['V2', 7.2, 'HIGH']",https://nvd.nist.gov/vuln/detail/CVE-2005-0457,HIGH
tmp,CVE-2022-21800,"['V3', 6.5, 'MEDIUM']",https://nvd.nist.gov/vuln/detail/CVE-2022-21800,MEDIUM
tmp,CVE-2022-21215,"['V3', 9.8, 'CRITICAL']",https://nvd.nist.gov/vuln/detail/CVE-2022-21215,CRITICAL
tmp,CVE-2022-21196,"['V3', 9.8, 'CRITICAL']",https://nvd.nist.gov/vuln/detail/CVE-2022-21196,CRITICAL
tmp,CVE-2022-21176,"['V3', 7.5, 'HIGH']",https://nvd.nist.gov/vuln/detail/CVE-2022-21176,HIGH
tmp,CVE-2022-21143,"['V3', 9.8, 'CRITICAL']",https://nvd.nist.gov/vuln/detail/CVE-2022-21143,CRITICAL
tmp,CVE-2022-21141,"['V3', 9.8, 'CRITICAL']",https://nvd.nist.gov/vuln/detail/CVE-2022-21141,CRITICAL
tmp,CVE-2022-0138,"['V3', 7.5, 'HIGH']",https://nvd.nist.gov/vuln/detail/CVE-2022-0138,HIGH
tmp,CVE-2021-45463,"['V3', 7.8, 'HIGH']",https://nvd.nist.gov/vuln/detail/CVE-2021-45463,HIGH
tmp,CVE-2018-12713,"['V3', 9.1, 'CRITICAL']",https://nvd.nist.gov/vuln/detail/CVE-2018-12713,CRITICAL
tmp,CVE-2018-6954,"['V3', 7.8, 'HIGH']",https://nvd.nist.gov/vuln/detail/CVE-2018-6954,HIGH
tmp,CVE-2017-18078,"['V3', 7.8, 'HIGH']",https://nvd.nist.gov/vuln/detail/CVE-2017-18078,HIGH
tmp,CVE-2021-45417,"['V3', 7.8, 'HIGH']",https://nvd.nist.gov/vuln/detail/CVE-2021-45417,HIGH
tmp,CVE-2021-32545,"['V3', 7.5, 'HIGH']",https://nvd.nist.gov/vuln/detail/CVE-2021-32545,HIGH
tmp,CVE-2021-45814,"['V3', 9.8, 'CRITICAL']",https://nvd.nist.gov/vuln/detail/CVE-2021-45814,CRITICAL
tmp,CVE-2021-38198,"['V3', 5.5, 'MEDIUM']",https://nvd.nist.gov/vuln/detail/CVE-2021-38198,MEDIUM
tmp,CVE-2020-10174,"['V3', 7.0, 'HIGH']",https://nvd.nist.gov/vuln/detail/CVE-2020-10174,HIGH
tmp,CVE-2020-11867,"['V3', 3.3, 'LOW']",https://nvd.nist.gov/vuln/detail/CVE-2020-11867,LOW
tmp,CVE-2020-23856,"['V3', 5.5, 'MEDIUM']",https://nvd.nist.gov/vuln/detail/CVE-2020-23856,MEDIUM
tmp,CVE-2020-1645,"['V3', 8.3, 'HIGH']",https://nvd.nist.gov/vuln/detail/CVE-2020-1645,HIGH
tmp,CVE-2020-10685,"['V3', 5.5, 'MEDIUM']",https://nvd.nist.gov/vuln/detail/CVE-2020-10685,MEDIUM
tmp,CVE-2021-0964,"['V3', 6.5, 'MEDIUM']",https://nvd.nist.gov/vuln/detail/CVE-2021-0964,MEDIUM
tmp,CVE-2021-43828,"['V3', 7.5, 'HIGH']",https://nvd.nist.gov/vuln/detail/CVE-2021-43828,HIGH
tmp,CVE-2021-22968,"['V3', 7.2, 'HIGH']",https://nvd.nist.gov/vuln/detail/CVE-2021-22968,HIGH
tmp,CVE-2021-42624,"['V3', 7.8, 'HIGH']",https://nvd.nist.gov/vuln/detail/CVE-2021-42624,HIGH
tmp,CVE-2021-27628,"['V3', 7.5, 'HIGH']",https://nvd.nist.gov/vuln/detail/CVE-2021-27628,HIGH
tmp,CVE-2019-3881,"['V3', 7.8, 'HIGH']",https://nvd.nist.gov/vuln/detail/CVE-2019-3881,HIGH
tmp,CVE-2011-4119,"['V3', 9.8, 'CRITICAL']",https://nvd.nist.gov/vuln/detail/CVE-2011-4119,CRITICAL
tmp,CVE-2021-29428,"['V3', 7.8, 'HIGH']",https://nvd.nist.gov/vuln/detail/CVE-2021-29428,HIGH
tmp,CVE-2021-29429,"['V3', 5.5, 'MEDIUM']",https://nvd.nist.gov/vuln/detail/CVE-2021-29429,MEDIUM
tmp,CVE-2021-28966,"['V3', 7.5, 'HIGH']",https://nvd.nist.gov/vuln/detail/CVE-2021-28966,HIGH
tmp,CVE-2021-39214,"['V3', 9.8, 'CRITICAL']",https://nvd.nist.gov/vuln/detail/CVE-2021-39214,CRITICAL
tmp,CVE-2021-28911,"['V3', 9.8, 'CRITICAL']",https://nvd.nist.gov/vuln/detail/CVE-2021-28911,CRITICAL
tmp,CVE-2016-6269,"['V3', 9.1, 'CRITICAL']",https://nvd.nist.gov/vuln/detail/CVE-2016-6269,CRITICAL
tmp,CVE-2019-12577,"['V3', 7.8, 'HIGH']",https://nvd.nist.gov/vuln/detail/CVE-2019-12577,HIGH
tmp,CVE-2019-12571,"['V3', 7.1, 'HIGH']",https://nvd.nist.gov/vuln/detail/CVE-2019-12571,HIGH
tmp,CVE-2017-16928,"['V3', 7.8, 'HIGH']",https://nvd.nist.gov/vuln/detail/CVE-2017-16928,HIGH
tmp,CVE-2021-33884,"['V3', 9.1, 'CRITICAL']",https://nvd.nist.gov/vuln/detail/CVE-2021-33884,CRITICAL
tmp,CVE-2020-23341,"['V3', 6.1, 'MEDIUM']",https://nvd.nist.gov/vuln/detail/CVE-2020-23341,MEDIUM
tmp,CVE-2021-36983,"['V3', 7.8, 'HIGH']",https://nvd.nist.gov/vuln/detail/CVE-2021-36983,HIGH
tmp,CVE-2019-18370,"['V3', 9.8, 'CRITICAL']",https://nvd.nist.gov/vuln/detail/CVE-2019-18370,CRITICAL
tmp,CVE-2019-19843,"['V3', 9.8, 'CRITICAL']",https://nvd.nist.gov/vuln/detail/CVE-2019-19843,CRITICAL
tmp,CVE-2020-10237,"['V3', 5.5, 'MEDIUM']",https://nvd.nist.gov/vuln/detail/CVE-2020-10237,MEDIUM
tmp,CVE-2020-12242,"['V3', 7.8, 'HIGH']",https://nvd.nist.gov/vuln/detail/CVE-2020-12242,HIGH
tmp,CVE-2020-35476,"['V3', 9.8, 'CRITICAL']",https://nvd.nist.gov/vuln/detail/CVE-2020-35476,CRITICAL
tmp,CVE-2013-0248,"['V2', 3.3, 'LOW']",https://nvd.nist.gov/vuln/detail/CVE-2013-0248,LOW
tmp,CVE-2020-21133,"['V3', 9.8, 'CRITICAL']",https://nvd.nist.gov/vuln/detail/CVE-2020-21133,CRITICAL
tmp,CVE-2020-21132,"['V3', 9.8, 'CRITICAL']",https://nvd.nist.gov/vuln/detail/CVE-2020-21132,CRITICAL
tmp,CVE-2020-21131,"['V3', 7.2, 'HIGH']",https://nvd.nist.gov/vuln/detail/CVE-2020-21131,HIGH
tmp,CVE-2010-3843,"['V3', 7.8, 'HIGH']",https://nvd.nist.gov/vuln/detail/CVE-2010-3843,HIGH
tmp,CVE-2019-12779,"['V3', 7.1, 'HIGH']",https://nvd.nist.gov/vuln/detail/CVE-2019-12779,HIGH
tmp,CVE-2014-0110,"['V2', 4.3, 'MEDIUM']",https://nvd.nist.gov/vuln/detail/CVE-2014-0110,MEDIUM
tmp,CVE-2009-0842,"['V2', 4.3, 'MEDIUM']",https://nvd.nist.gov/vuln/detail/CVE-2009-0842,MEDIUM
tmp,CVE-2010-2539,"['V2', 2.1, 'LOW']",https://nvd.nist.gov/vuln/detail/CVE-2010-2539,LOW
tmp,CVE-2020-15076,"['V3', 7.8, 'HIGH']",https://nvd.nist.gov/vuln/detail/CVE-2020-15076,HIGH
tmp,CVE-2021-0238,"['V3', 5.5, 'MEDIUM']",https://nvd.nist.gov/vuln/detail/CVE-2021-0238,MEDIUM
tmp,CVE-2020-24577,"['V3', 7.5, 'HIGH']",https://nvd.nist.gov/vuln/detail/CVE-2020-24577,HIGH
tmp,CVE-2004-2436,"['V2', 2.1, 'LOW']",https://nvd.nist.gov/vuln/detail/CVE-2004-2436,LOW
tmp,CVE-2021-24212,"['V3', 9.8, 'CRITICAL']",https://nvd.nist.gov/vuln/detail/CVE-2021-24212,CRITICAL
tmp,CVE-2001-0625,"['V2', 7.2, 'HIGH']",https://nvd.nist.gov/vuln/detail/CVE-2001-0625,HIGH
typescript,CVE-2022-29219,"['V3', 7.5, 'HIGH']",https://nvd.nist.gov/vuln/detail/CVE-2022-29219,HIGH
typescript,CVE-2021-21414,"['V3', 7.2, 'HIGH']",https://nvd.nist.gov/vuln/detail/CVE-2021-21414,HIGH
typescript,CVE-2022-24802,"['V3', 9.8, 'CRITICAL']",https://nvd.nist.gov/vuln/detail/CVE-2022-24802,CRITICAL
typescript,CVE-2022-24783,"['V3', 10.0, 'CRITICAL']",https://nvd.nist.gov/vuln/detail/CVE-2022-24783,CRITICAL
typescript,CVE-2022-24759,"['V3', 7.4, 'HIGH']",https://nvd.nist.gov/vuln/detail/CVE-2022-24759,HIGH
typescript,CVE-2022-24709,"['V3', 6.1, 'MEDIUM']",https://nvd.nist.gov/vuln/detail/CVE-2022-24709,MEDIUM
typescript,CVE-2022-23623,"['V3', 8.8, 'HIGH']",https://nvd.nist.gov/vuln/detail/CVE-2022-23623,HIGH
typescript,CVE-2022-23624,"['V3', 8.8, 'HIGH']",https://nvd.nist.gov/vuln/detail/CVE-2022-23624,HIGH
typescript,CVE-2021-32696,"['V3', 5.3, 'MEDIUM']",https://nvd.nist.gov/vuln/detail/CVE-2021-32696,MEDIUM
typescript,CVE-2021-32619,"['V3', 9.8, 'CRITICAL']",https://nvd.nist.gov/vuln/detail/CVE-2021-32619,CRITICAL
typescript,CVE-2001-1494,"['V2', 2.1, 'LOW']",https://nvd.nist.gov/vuln/detail/CVE-2001-1494,LOW
webpack,CVE-2022-25863,"['V3', 9.8, 'CRITICAL']",https://nvd.nist.gov/vuln/detail/CVE-2022-25863,CRITICAL
webpack,CVE-2021-37206,"['V3', 7.5, 'HIGH']",https://nvd.nist.gov/vuln/detail/CVE-2021-37206,HIGH
webpack,CVE-2020-15262,"['V3', 3.7, 'LOW']",https://nvd.nist.gov/vuln/detail/CVE-2020-15262,LOW
webpack,CVE-2020-29041,"['V3', 5.3, 'MEDIUM']",https://nvd.nist.gov/vuln/detail/CVE-2020-29041,MEDIUM
webpack,CVE-2018-14732,"['V3', 7.5, 'HIGH']",https://nvd.nist.gov/vuln/detail/CVE-2018-14732,HIGH
yargs,CVE-2020-7774,"['V3', 9.8, 'CRITICAL']",https://nvd.nist.gov/vuln/detail/CVE-2020-7774,CRITICAL
yargs,CVE-2020-7608,"['V3', 5.3, 'MEDIUM']",https://nvd.nist.gov/vuln/detail/CVE-2020-7608,MEDIUM
